-- phpMyAdmin SQL Dump
-- version 4.1.14
-- http://www.phpmyadmin.net
--
-- Host: 127.0.0.1
-- Generation Time: Jan 04, 2017 at 02:19 PM
-- Server version: 5.6.17
-- PHP Version: 5.5.12

SET SQL_MODE = "NO_AUTO_VALUE_ON_ZERO";
SET time_zone = "+00:00";


/*!40101 SET @OLD_CHARACTER_SET_CLIENT=@@CHARACTER_SET_CLIENT */;
/*!40101 SET @OLD_CHARACTER_SET_RESULTS=@@CHARACTER_SET_RESULTS */;
/*!40101 SET @OLD_COLLATION_CONNECTION=@@COLLATION_CONNECTION */;
/*!40101 SET NAMES utf8 */;

--
-- Database: `mathematica`
--

-- --------------------------------------------------------

--
-- Table structure for table `account`
--

CREATE TABLE IF NOT EXISTS `account` (
  `Account_ID` int(11) NOT NULL AUTO_INCREMENT,
  `Account_Name` varchar(100) NOT NULL DEFAULT '',
  PRIMARY KEY (`Account_ID`)
) ENGINE=MyISAM  DEFAULT CHARSET=latin1 AUTO_INCREMENT=10 ;

--
-- Dumping data for table `account`
--

INSERT INTO `account` (`Account_ID`, `Account_Name`) VALUES
(1, 'RAGAMA'),
(8, 'EKALA'),
(6, 'KOCHCHIKADE'),
(4, 'MAMA'),
(9, 'GAMPAHA');

-- --------------------------------------------------------

--
-- Table structure for table `brackets`
--

CREATE TABLE IF NOT EXISTS `brackets` (
  `chitRegistration_ID` int(11) NOT NULL DEFAULT '0',
  `bracket_ItemID` varchar(100) NOT NULL DEFAULT '',
  `bracket_To` varchar(100) NOT NULL DEFAULT '',
  `bracket_For` varchar(100) NOT NULL DEFAULT '',
  `bracket_Amount` varchar(100) NOT NULL DEFAULT '',
  `bracket_Type` varchar(100) NOT NULL DEFAULT ''
) ENGINE=MyISAM DEFAULT CHARSET=latin1;

--
-- Dumping data for table `brackets`
--

INSERT INTO `brackets` (`chitRegistration_ID`, `bracket_ItemID`, `bracket_To`, `bracket_For`, `bracket_Amount`, `bracket_Type`) VALUES
(1, '1', '1', '3', '200', 'Win'),
(1, '2', '1', '3', '100', 'Place'),
(2, '1', '1', '3', '100', 'Win'),
(2, '2', '1', '3', '50', 'Place'),
(3, '1', '1', '6', '50', 'Win'),
(3, '2', '1', '6', '40', 'Place'),
(3, '3', '1', '3', '25', 'Win'),
(3, '4', '2', '4', '25', 'Win'),
(3, '5', '3', '5', '25', 'Win'),
(3, '6', '4', '6', '25', 'Win'),
(4, '1', '1', '3', '100', 'Win'),
(4, '2', '1', '3', '50', 'Place'),
(5, '1', '1', '5', '25', 'Win'),
(5, '2', '1', '5', '25', 'Place'),
(5, '3', '1', '3', '50', 'Win'),
(6, '1', '1', '5', '25', 'Win'),
(6, '2', '1', '5', '25', 'Place'),
(6, '3', '1', '3', '25', 'Win'),
(6, '4', '1', '3', '25', 'Place'),
(6, '5', '2', '4', '25', 'Win'),
(6, '6', '2', '4', '25', 'Place'),
(6, '7', '3', '5', '25', 'Win'),
(6, '8', '3', '5', '25', 'Place'),
(7, '1', '1', '4', '10', 'Win'),
(7, '2', '1', '4', '10', 'Place'),
(8, '1', '1', '4', '100', 'Win'),
(8, '2', '1', '4', '80', 'Place'),
(9, '1', '1', '4', '40', 'Win'),
(9, '2', '1', '4', '20', 'Place'),
(10, '1', '1', '3', '200', 'Win'),
(11, '1', '1', '4', '10', 'Win'),
(11, '2', '1', '4', '10', 'Place'),
(12, '1', '1', '5', '100', 'Win'),
(12, '2', '1', '5', '100', 'Place'),
(15, '1', '1', '4', '25', 'Win'),
(16, '1', '1', '3', '50', 'Win'),
(16, '2', '1', '3', '20', 'Place'),
(18, '1', '1', '3', '200', 'Win'),
(19, '1', '1', '4', '100', 'Win'),
(20, '1', '1', '5', '25', 'Win'),
(21, '1', '1', '5', '25', 'Win'),
(22, '1', '1', '5', '25', 'Win'),
(23, '1', '1', '3', '400', 'Win'),
(24, '1', '1', '4', '800', 'Win'),
(24, '2', '1', '3', '400', 'Win'),
(24, '3', '2', '4', '400', 'Win'),
(25, '1', '1', '3', '200', 'Win'),
(26, '1', '1', '3', '100', 'Win'),
(26, '2', '1', '3', '100', 'Place'),
(27, '1', '1', '3', '1000', 'Win'),
(28, '1', '1', '11', '10', 'Win'),
(28, '2', '1', '11', '10', 'Place'),
(29, '1', '1', '4', '20', 'Win'),
(29, '2', '1', '4', '10', 'Place'),
(29, '3', '5', '7', '50', 'Win'),
(29, '4', '5', '7', '10', 'Place'),
(31, '1', '1', '4', '100', 'Win'),
(32, '1', '1', '3', '50', 'Win'),
(33, '1', '1', '3', '100', 'Win'),
(33, '2', '1', '3', '100', 'Place'),
(34, '1', '1', '3', '50', 'Win'),
(34, '2', '1', '3', '50', 'Place'),
(35, '1', '1', '3', '50', 'Win'),
(35, '2', '1', '3', '50', 'Place'),
(35, '3', '1', '2', '25', 'Win'),
(35, '4', '2', '3', '25', 'Win'),
(35, '5', '4', '6', '50', 'Win'),
(35, '6', '4', '6', '50', 'Place'),
(35, '7', '4', '5', '25', 'Win'),
(35, '8', '5', '6', '25', 'Win'),
(36, '1', '1', '4', '20', 'Win'),
(36, '2', '1', '4', '10', 'Place'),
(36, '3', '5', '8', '20', 'Win'),
(36, '4', '5', '8', '10', 'Place'),
(36, '5', '1', '3', '20', 'Win'),
(37, '1', '1', '4', '20', 'Win'),
(37, '2', '1', '4', '10', 'Place'),
(37, '3', '5', '8', '20', 'Win'),
(37, '4', '5', '8', '10', 'Place'),
(38, '1', '1', '4', '20', 'Win'),
(38, '2', '1', '4', '10', 'Place'),
(38, '3', '5', '8', '20', 'Win'),
(38, '4', '5', '8', '10', 'Place'),
(39, '1', '1', '7', '5', 'Win'),
(39, '2', '1', '7', '5', 'Place'),
(39, '3', '1', '4', '50', 'Win'),
(39, '4', '1', '4', '10', 'Place'),
(39, '5', '5', '7', '50', 'Win'),
(39, '6', '5', '7', '10', 'Place'),
(40, '1', '1', '3', '50', 'Win'),
(40, '2', '1', '3', '50', 'Place'),
(40, '3', '1', '2', '25', 'Win'),
(40, '4', '2', '3', '25', 'Win'),
(40, '5', '4', '6', '50', 'Win'),
(40, '6', '4', '6', '50', 'Place'),
(41, '1', '1', '3', '50', 'Win'),
(41, '2', '1', '3', '50', 'Place'),
(41, '3', '1', '2', '25', 'Win'),
(41, '4', '2', '3', '25', 'Win'),
(41, '5', '4', '9', '50', 'Win'),
(41, '6', '4', '9', '50', 'Place'),
(41, '7', '4', '8', '25', 'Win'),
(41, '8', '5', '9', '20', 'Win'),
(41, '9', '4', '6', '20', 'Win'),
(41, '10', '5', '7', '20', 'Win'),
(41, '11', '6', '8', '20', 'Win'),
(41, '12', '7', '9', '20', 'Win'),
(42, '1', '1', '5', '50', 'Win'),
(42, '2', '1', '5', '50', 'Place'),
(42, '3', '1', '4', '50', 'Win'),
(42, '4', '2', '5', '50', 'Win'),
(43, '1', '1', '3', '50', 'Win'),
(43, '2', '1', '3', '50', 'Place'),
(44, '1', '1', '4', '50', 'Win'),
(44, '2', '1', '4', '50', 'Place'),
(45, '1', '1', '4', '50', 'Win'),
(45, '2', '1', '4', '10', 'Place'),
(46, '1', '1', '3', '50', 'Win'),
(46, '2', '1', '3', '50', 'Place'),
(47, '1', '1', '2', '300', 'Win'),
(47, '2', '1', '2', '200', 'Place'),
(48, '1', '1', '3', '200', 'Win'),
(48, '2', '1', '3', '200', 'Place'),
(49, '1', '1', '4', '100', 'Win'),
(49, '2', '1', '4', '100', 'Place'),
(50, '1', '1', '3', '150', 'Win'),
(51, '1', '1', '3', '20', 'Win'),
(51, '2', '1', '3', '20', 'Place'),
(52, '1', '1', '2', '50', 'Win'),
(52, '2', '1', '2', '10', 'Place'),
(53, '1', '1', '3', '10', 'Win'),
(54, '1', '1', '4', '100', 'Win'),
(54, '2', '1', '4', '50', 'Place'),
(55, '1', '1', '3', '200', 'Win'),
(56, '1', '1', '3', '50', 'Win'),
(56, '2', '1', '3', '20', 'Place'),
(57, '1', '1', '4', '100', 'Win'),
(58, '1', '1', '3', '100', 'Win'),
(58, '2', '1', '3', '40', 'Place'),
(59, '1', '1', '2', '30', 'Win'),
(60, '1', '1', '5', '20', 'Win'),
(60, '2', '1', '5', '20', 'Place'),
(60, '3', '1', '4', '20', 'Win'),
(60, '4', '2', '4', '20', 'Win'),
(60, '5', '3', '5', '20', 'Win'),
(61, '1', '1', '4', '100', 'Win'),
(61, '2', '1', '4', '100', 'Place'),
(62, '1', '1', '3', '10', 'Win'),
(62, '2', '1', '3', '10', 'Place'),
(63, '1', '1', '3', '90', 'Win'),
(64, '1', '1', '3', '3', 'Win'),
(64, '2', '3', '5', '3', 'Win'),
(64, '3', '1', '5', '4', 'Place'),
(66, '1', '1', '3', '5', 'Win'),
(66, '2', '1', '3', '5', 'Place'),
(67, '1', '1', '3', '50', 'Win'),
(67, '2', '1', '3', '10', 'Place'),
(68, '1', '1', '3', '100', 'Win'),
(68, '2', '1', '3', '10', 'Place'),
(69, '1', '1', '3', '200', 'Win'),
(70, '1', '1', '6', '10', 'Place'),
(71, '1', '1', '4', '100', 'Win'),
(72, '1', '1', '3', '100', 'Win'),
(72, '2', '1', '3', '25', 'Place'),
(73, '1', '1', '3', '100', 'Win'),
(73, '2', '1', '3', '50', 'Place'),
(74, '1', '1', '3', '200', 'Win'),
(75, '1', '1', '6', '10', 'Win'),
(75, '2', '1', '6', '10', 'Place'),
(76, '1', '1', '5', '10', 'Win'),
(76, '2', '1', '5', '10', 'Place'),
(77, '1', '1', '3', '60', 'Win'),
(78, '1', '1', '3', '12', 'Win'),
(78, '2', '1', '3', '9', 'Place'),
(79, '1', '1', '4', '40', 'Win'),
(79, '2', '1', '4', '30', 'Place'),
(80, '1', '1', '3', '10', 'Place'),
(81, '1', '1', '3', '10', 'Win'),
(81, '2', '1', '3', '10', 'Place'),
(83, '1', '1', '4', '20', 'Win'),
(83, '2', '1', '4', '20', 'Place'),
(84, '1', '1', '5', '20', 'Win'),
(84, '2', '1', '5', '20', 'Place'),
(85, '1', '1', '5', '10', 'Win'),
(85, '2', '1', '5', '10', 'Place'),
(86, '1', '1', '4', '60', 'Win'),
(87, '1', '1', '4', '2', 'Win'),
(87, '2', '5', '8', '2', 'Win'),
(88, '1', '1', '3', '50', 'Win'),
(90, '1', '1', '3', '20', 'Win'),
(90, '2', '1', '3', '20', 'Place'),
(92, '1', '1', '3', '10', 'Win'),
(93, '1', '1', '3', '11', 'Place'),
(94, '1', '1', '3', '22', 'Place'),
(95, '1', '1', '3', '5', 'Win'),
(96, '1', '1', '3', '50', 'Win'),
(96, '2', '1', '3', '40', 'Place'),
(97, '1', '1', '4', '50', 'Win'),
(97, '2', '1', '4', '50', 'Place'),
(97, '3', '3', '4', '100', 'Win'),
(98, '1', '1', '5', '10', 'Win'),
(98, '2', '1', '5', '10', 'Place'),
(99, '1', '1', '3', '40', 'Win'),
(100, '1', '1', '7', '50', 'Win'),
(100, '2', '1', '7', '50', 'Place'),
(101, '1', '1', '4', '5', 'Win'),
(101, '2', '1', '4', '5', 'Place'),
(103, '1', '1', '4', '10', 'Win'),
(103, '2', '1', '3', '5', 'Win'),
(103, '3', '2', '4', '5', 'Win'),
(103, '4', '1', '4', '10', 'Place'),
(104, '1', '1', '4', '5', 'Win'),
(104, '2', '1', '4', '5', 'Place'),
(105, '1', '1', '4', '50', 'Win'),
(105, '2', '1', '4', '50', 'Place'),
(106, '1', '1', '4', '10', 'Win'),
(106, '2', '1', '4', '10', 'Place'),
(107, '1', '1', '4', '30', 'Win'),
(107, '2', '1', '4', '20', 'Place'),
(108, '1', '1', '2', '50', 'Win'),
(108, '2', '1', '2', '50', 'Place'),
(110, '1', '1', '4', '20', 'Win'),
(110, '2', '1', '4', '20', 'Place');

-- --------------------------------------------------------

--
-- Table structure for table `center`
--

CREATE TABLE IF NOT EXISTS `center` (
  `account_ID` int(11) NOT NULL DEFAULT '0',
  `center_ID` varchar(100) NOT NULL DEFAULT '',
  `center_Name` varchar(100) NOT NULL DEFAULT '',
  `center_com` varchar(100) NOT NULL DEFAULT '',
  `center_paperCash` varchar(100) NOT NULL DEFAULT '',
  `center_loan` varchar(100) NOT NULL DEFAULT '',
  `center_noCom` varchar(100) NOT NULL DEFAULT '',
  `center_lessCom` varchar(100) NOT NULL DEFAULT '',
  `center_exp` varchar(100) NOT NULL DEFAULT '0'
) ENGINE=MyISAM DEFAULT CHARSET=latin1;

--
-- Dumping data for table `center`
--

INSERT INTO `center` (`account_ID`, `center_ID`, `center_Name`, `center_com`, `center_paperCash`, `center_loan`, `center_noCom`, `center_lessCom`, `center_exp`) VALUES
(9, '1', 'KS', '0', '0', '0', '0', '0', '450'),
(9, '75', 'LUCKY_NEW', '18', '0', '200', '18', '9', '0'),
(9, '2', 'SRI LUCK', '14', '0', '0', '14', '9', '0'),
(9, '82', 'HA', '14', '0', '0', '14', '9', '0'),
(9, '70', 'DAYARATHNA', '14', '0', '300', '14', '9', '0'),
(9, '80', 'MALWANA', '0', '0', '0', '0', '0', '530'),
(9, '77', 'MD', '14', '0', '1000', '14', '9', '0'),
(9, '4', 'BN', '0', '0', '0', '0', '0', '0'),
(9, '76', 'ABC', '14', '0', '500', '14', '9', '0'),
(9, 'NIMAL PUGODA', '0', '0', '0', '0', '0', '0', '0'),
(9, '100', 'NIMAL PUGODA', '0', '0', '0', '0', '0', '0'),
(9, '79', 'W/GAMA', '14', '0', '9', '0', '14', '0'),
(9, '66', 'ARUNA', '18', '0', '400', '18', '9', '0');

-- --------------------------------------------------------

--
-- Table structure for table `chitregistration`
--

CREATE TABLE IF NOT EXISTS `chitregistration` (
  `chitRegistration_ID` int(11) NOT NULL AUTO_INCREMENT,
  `center_ID` int(11) NOT NULL DEFAULT '0',
  `chitRegistration_chitNumber` varchar(100) NOT NULL DEFAULT '',
  `chitRegistration_CurrentInvestment` double NOT NULL DEFAULT '0',
  `chitRegistration_ActualInvestment` double NOT NULL DEFAULT '0',
  `chitRegistration_TotLessCommision` double NOT NULL DEFAULT '0',
  `chitRegistration_Date` varchar(100) NOT NULL DEFAULT '',
  PRIMARY KEY (`chitRegistration_ID`)
) ENGINE=MyISAM  DEFAULT CHARSET=latin1 AUTO_INCREMENT=111 ;

--
-- Dumping data for table `chitregistration`
--

INSERT INTO `chitregistration` (`chitRegistration_ID`, `center_ID`, `chitRegistration_chitNumber`, `chitRegistration_CurrentInvestment`, `chitRegistration_ActualInvestment`, `chitRegistration_TotLessCommision`, `chitRegistration_Date`) VALUES
(1, 70, '621', 1500, 1500, 0, '2015/09/24'),
(2, 70, '449', 650, 650, 0, '2015/09/24'),
(3, 70, '414', 1390, 1390, 0, '2015/09/24'),
(4, 70, '448', 650, 650, 0, '2015/09/24'),
(5, 70, '457', 300, 300, 0, '2015/09/24'),
(6, 70, '456', 500, 500, 0, '2015/09/24'),
(7, 70, '448', 220, 220, 0, '2015/09/24'),
(8, 70, '411', 1880, 1880, 0, '2015/09/24'),
(9, 70, '545', 240, 240, 0, '2015/09/24'),
(10, 70, '334', 350, 350, 0, '2015/09/24'),
(11, 70, '356', 220, 220, 0, '2015/09/24'),
(12, 70, '336', 1200, 1200, 0, '2015/09/24'),
(13, 100, '379', 910, 910, 0, '2015/09/24'),
(14, 100, '387', 40, 40, 0, '2015/09/24'),
(15, 100, '384', 125, 125, 0, '2015/09/24'),
(16, 100, '399', 130, 130, 0, '2015/09/24'),
(17, 100, '378', 150, 150, 0, '2015/09/24'),
(18, 100, '381', 500, 500, 0, '2015/09/24'),
(19, 100, '383', 200, 200, 0, '2015/09/24'),
(20, 100, '385', 100, 100, 0, '2015/09/24'),
(21, 100, '386', 100, 100, 0, '2015/09/24'),
(22, 100, '386', 100, 100, 0, '2015/09/24'),
(23, 100, '382', 1000, 1000, 0, '2015/09/24'),
(24, 2, '207', 2100, 2100, 0, '2015/09/24'),
(25, 2, '222', 200, 200, 0, '2015/09/24'),
(26, 2, '765', 350, 350, 0, '2015/09/24'),
(27, 79, '537', 1900, 1900, 0, '2015/09/24'),
(28, 79, '536', 845, 845, 0, '2015/09/24'),
(29, 79, '535', 220, 230, 0, '2015/09/24'),
(30, 79, '534', 350, 350, 0, '2015/09/24'),
(31, 79, '533', 650, 650, 0, '2015/09/24'),
(32, 79, '532', 50, 50, 0, '2015/09/24'),
(33, 79, '531', 500, 500, 0, '2015/09/24'),
(34, 79, '529', 275, 275, 0, '2015/09/24'),
(35, 79, '511', 450, 450, 0, '2015/09/24'),
(36, 79, '514', 280, 280, 0, '2015/09/24'),
(37, 79, '516', 372, 372, 0, '2015/09/24'),
(38, 79, '517', 260, 260, 0, '2015/09/24'),
(39, 79, '518', 365, 365, 0, '2015/09/24'),
(40, 79, '527', 400, 400, 0, '2015/09/24'),
(41, 79, '528', 450, 450, 0, '2015/09/24'),
(42, 79, '512', 700, 700, 0, '2015/09/24'),
(43, 79, '513', 300, 300, 0, '2015/09/24'),
(44, 79, '515', 500, 500, 0, '2015/09/24'),
(45, 79, '519', 160, 160, 0, '2015/09/24'),
(46, 79, '521', 160, 160, 0, '2015/09/24'),
(47, 79, '522', 500, 500, 0, '2015/09/24'),
(48, 79, '523', 100, 1000, 0, '2015/09/24'),
(49, 79, '524', 700, 700, 0, '2015/09/24'),
(50, 79, '525', 300, 300, 0, '2015/09/24'),
(51, 79, '526', 100, 100, 0, '2015/09/24'),
(52, 76, '221', 60, 60, 0, '2015/09/24'),
(53, 76, '123', 100, 100, 0, '2015/09/24'),
(54, 76, '350', 350, 350, 0, '2015/09/24'),
(55, 76, '474', 500, 500, 0, '2015/09/24'),
(56, 76, '10', 100, 100, 0, '2015/09/24'),
(57, 76, '200', 200, 200, 0, '2015/09/24'),
(58, 76, '11', 200, 200, 0, '2015/09/24'),
(59, 76, '30', 30, 30, 0, '2015/09/24'),
(60, 76, '23', 300, 300, 0, '2015/09/24'),
(61, 76, '575', 300, 300, 0, '2015/09/24'),
(62, 76, '405', 60, 60, 0, '2015/09/24'),
(63, 76, '87', 120, 120, 0, '2015/09/24'),
(64, 82, '112', 60, 60, 0, '2015/09/24'),
(65, 82, '127', 100, 100, 0, '2015/09/24'),
(66, 82, '111', 50, 50, 0, '2015/09/24'),
(67, 82, '115', 100, 100, 0, '2015/09/24'),
(68, 82, '125', 200, 200, 0, '2015/09/24'),
(69, 82, '175', 260, 260, 0, '2015/09/24'),
(70, 82, '121', 85, 85, 0, '2015/09/24'),
(71, 77, '140', 200, 200, 0, '2015/09/24'),
(72, 77, '111', 200, 200, 0, '2015/09/24'),
(73, 77, '275', 450, 450, 0, '2015/09/24'),
(74, 77, '777', 500, 500, 0, '2015/09/24'),
(75, 77, '731', 370, 370, 0, '2015/09/24'),
(76, 77, '732', 220, 220, 0, '2015/09/24'),
(77, 77, '777', 120, 120, 0, '2015/09/24'),
(78, 77, '551', 42, 42, 0, '2015/09/24'),
(79, 77, '22', 210, 210, 0, '2015/09/24'),
(80, 1, '633', 50, 50, 0, '2015/09/24'),
(81, 1, '632', 155, 155, 0, '2015/09/24'),
(82, 1, '631', 100, 100, 0, '2015/09/24'),
(83, 1, '629', 140, 140, 0, '2015/09/24'),
(84, 1, '628', 440, 440, 0, '2015/09/24'),
(85, 1, '627', 220, 220, 0, '2015/09/24'),
(86, 1, '626', 180, 180, 0, '2015/09/24'),
(87, 1, '625', 60, 60, 0, '2015/09/24'),
(88, 1, '624', 110, 110, 0, '2015/09/24'),
(89, 1, '623', 90, 90, 0, '2015/09/24'),
(90, 1, '622', 220, 220, 0, '2015/09/24'),
(91, 1, '621', 50, 50, 0, '2015/09/24'),
(92, 1, '619', 110, 110, 0, '2015/09/24'),
(93, 1, '617', 100, 100, 0, '2015/09/24'),
(94, 1, '618', 200, 200, 0, '2015/09/24'),
(95, 66, '717', 20, 20, 0, '2015/09/24'),
(96, 66, '718', 390, 390, 0, '2015/09/24'),
(97, 66, '719', 1100, 1100, 0, '2015/09/24'),
(98, 66, '721', 270, 270, 0, '2015/09/24'),
(99, 66, '722', 70, 70, 0, '2015/09/24'),
(100, 66, '724', 100, 100, 0, '2015/09/24'),
(101, 66, '728', 60, 60, 0, '2015/09/24'),
(102, 66, '729', 100, 100, 0, '2015/09/24'),
(103, 66, '725', 100, 100, 0, '2015/09/24'),
(104, 66, '727', 60, 60, 0, '2015/09/24'),
(105, 66, '715', 350, 350, 0, '2015/09/24'),
(106, 66, '716', 220, 220, 0, '2015/09/24'),
(107, 66, '736', 350, 350, 0, '2015/09/24'),
(108, 66, '735', 100, 100, 0, '2015/09/24'),
(109, 66, '733', 100, 50, 0, '2015/09/24'),
(110, 66, '734', 140, 140, 0, '2015/09/24');

-- --------------------------------------------------------

--
-- Table structure for table `country`
--

CREATE TABLE IF NOT EXISTS `country` (
  `country_ID` int(11) NOT NULL DEFAULT '0',
  `country_Name` varchar(100) NOT NULL DEFAULT '',
  PRIMARY KEY (`country_ID`)
) ENGINE=MyISAM DEFAULT CHARSET=latin1;

--
-- Dumping data for table `country`
--

INSERT INTO `country` (`country_ID`, `country_Name`) VALUES
(1, 'NEWMARKET'),
(2, 'PERTH'),
(3, 'PONTEFRACT'),
(4, 'CHELMSFORD CITY'),
(5, 'CORK'),
(6, 'HIPODROMO'),
(7, 'SHEFFIELD'),
(8, 'VAAL'),
(9, 'SUNDERLAND'),
(10, 'MAISONS LAFFITTE'),
(11, 'NEWCASTLE'),
(12, 'SPRINT VALLEY	'),
(13, 'SITTINGBOURNE	'),
(14, 'CRAYFORD'),
(15, 'ROMFORD'),
(16, 'PORTMAN PARK'),
(17, 'STEEPLE DOWNS	');

-- --------------------------------------------------------

--
-- Table structure for table `doubles`
--

CREATE TABLE IF NOT EXISTS `doubles` (
  `chitRegistration_ID` int(11) NOT NULL DEFAULT '0',
  `doubles_ItemID` varchar(100) NOT NULL DEFAULT '',
  `doubles_To` varchar(100) NOT NULL DEFAULT '',
  `doubles_For` varchar(100) NOT NULL DEFAULT '',
  `doubles_Amount` varchar(100) NOT NULL DEFAULT '',
  `doubles_Value` varchar(100) NOT NULL DEFAULT '',
  `doubles_Type` varchar(100) NOT NULL DEFAULT ''
) ENGINE=MyISAM DEFAULT CHARSET=latin1;

--
-- Dumping data for table `doubles`
--

INSERT INTO `doubles` (`chitRegistration_ID`, `doubles_ItemID`, `doubles_To`, `doubles_For`, `doubles_Amount`, `doubles_Value`, `doubles_Type`) VALUES
(1, '1', '1', '3', '200', '600.0', 'W'),
(2, '2', '1', '3', '50', '150.0', 'W'),
(3, '3', '1', '5', '30', '300.0', 'W'),
(4, '4', '1', '3', '50', '150.0', 'W'),
(5, '5', '1', '5', '10', '100.0', 'W'),
(6, '6', '1', '5', '10', '100.0', 'W'),
(7, '7', '1', '4', '20', '120.0', 'W'),
(8, '8', '1', '4', '90', '540.0', 'W'),
(9, '9', '1', '4', '10', '60.0', 'W'),
(10, '10', '1', '3', '50', '150.0', 'W'),
(11, '11', '1', '4', '20', '120.0', 'W'),
(12, '12', '1', '5', '50', '500.0', 'W'),
(13, '1', '1', '14', '10', '910.0', 'W'),
(14, '2', '1', '3', '10', '30.0', 'W'),
(15, '3', '1', '4', '10', '60.0', 'W'),
(16, '4', '1', '3', '10', '30.0', 'W'),
(17, '6', '1', '5', '10', '100.0', 'W'),
(18, '7', '1', '3', '100', '300.0', 'W'),
(19, '8', '1', '4', '10', '60.0', 'W'),
(23, '9', '1', '3', '200', '600.0', 'W'),
(24, '10', '1', '4', '50', '300.0', 'W'),
(26, '11', '1', '3', '50', '150.0', 'W'),
(27, '1', '1', '3', '300', '900.0', 'W'),
(29, '2', '1', '4', '10', '60.0', 'W'),
(29, '3', '5', '7', '10', '30.0', 'W'),
(30, '4', '1', '6', '10', '150.0', 'W'),
(31, '5', '1', '4', '50', '300.0', 'W'),
(33, '6', '1', '3', '100', '300.0', 'W'),
(34, '7', '1', '3', '25', '75.0', 'W'),
(35, '8', '1', '3', '25', '75.0', 'W'),
(35, '9', '4', '6', '25', '75.0', 'W'),
(36, '10', '1', '4', '10', '60.0', 'W'),
(36, '11', '5', '8', '10', '60.0', 'W'),
(37, '12', '1', '4', '10', '60.0', 'W'),
(37, '13', '5', '8', '10', '60.0', 'W'),
(38, '14', '1', '4', '10', '60.0', 'W'),
(38, '15', '5', '8', '10', '60.0', 'W'),
(39, '16', '1', '4', '10', '60.0', 'W'),
(39, '17', '5', '7', '10', '30.0', 'W'),
(40, '18', '1', '3', '25', '75.0', 'W'),
(40, '19', '4', '6', '25', '75.0', 'W'),
(41, '20', '1', '3', '25', '75.0', 'W'),
(42, '21', '1', '5', '20', '200.0', 'W'),
(43, '22', '1', '3', '50', '150.0', 'W'),
(44, '23', '1', '4', '40', '240.0', 'W'),
(45, '24', '1', '4', '10', '60.0', 'W'),
(46, '25', '1', '3', '20', '60.0', 'W'),
(48, '26', '1', '3', '100', '300.0', 'W'),
(49, '27', '1', '4', '50', '300.0', 'W'),
(50, '28', '1', '3', '50', '150.0', 'W'),
(51, '29', '1', '3', '20', '60.0', 'W'),
(53, '1', '1', '3', '30', '90.0', 'W'),
(54, '2', '1', '4', '20', '120.0', 'W'),
(55, '3', '1', '3', '100', '300.0', 'W'),
(56, '4', '1', '3', '10', '30.0', 'W'),
(57, '5', '1', '4', '10', '60.0', 'W'),
(58, '6', '1', '3', '20', '60.0', 'W'),
(60, '7', '1', '5', '10', '100.0', 'W'),
(61, '9', '1', '4', '10', '60.0', 'W'),
(62, '10', '1', '3', '10', '30.0', 'W'),
(63, '11', '1', '3', '10', '30.0', 'W'),
(64, '1', '1', '5', '5', '50.0', 'W'),
(65, '2', '1', '5', '10', '100.0', 'W'),
(66, '3', '1', '3', '10', '30.0', 'W'),
(67, '4', '1', '3', '10', '30.0', 'W'),
(68, '5', '1', '3', '30', '90.0', 'W'),
(69, '6', '1', '3', '20', '60.0', 'W'),
(70, '7', '1', '3', '5', '15.0', 'W'),
(70, '8', '4', '6', '5', '15.0', 'W'),
(70, '9', '1', '6', '1', '15.0', 'W'),
(71, '10', '1', '4', '10', '60.0', 'W'),
(72, '11', '1', '3', '25', '75.0', 'W'),
(73, '12', '1', '3', '50', '150.0', 'W'),
(74, '13', '1', '3', '50', '150.0', 'W'),
(75, '14', '1', '6', '10', '150.0', 'W'),
(76, '15', '1', '5', '10', '100.0', 'W'),
(77, '16', '1', '3', '20', '60.0', 'W'),
(78, '17', '1', '3', '7', '21.0', 'W'),
(79, '18', '1', '4', '10', '60.0', 'W'),
(80, '19', '1', '3', '10', '30.0', 'W'),
(81, '20', '1', '3', '20', '60.0', 'W'),
(83, '21', '1', '4', '10', '60.0', 'W'),
(84, '22', '1', '5', '20', '200.0', 'W'),
(85, '23', '1', '5', '10', '100.0', 'W'),
(88, '24', '1', '3', '20', '60.0', 'W'),
(90, '25', '1', '3', '15', '45.0', 'W'),
(90, '26', '1', '3', '15', '45.0', 'W'),
(91, '27', '1', '4', '5', '30.0', 'W'),
(92, '28', '1', '5', '5', '50.0', 'W'),
(93, '29', '1', '3', '11', '33.0', 'W'),
(94, '30', '1', '3', '22', '66.0', 'W'),
(95, '1', '1', '3', '5', '15.0', 'W'),
(96, '2', '1', '3', '50', '150.0', 'W'),
(97, '3', '1', '4', '50', '300.0', 'W'),
(98, '4', '1', '5', '10', '100.0', 'W'),
(99, '5', '1', '3', '10', '30.0', 'W'),
(101, '6', '1', '4', '5', '30.0', 'W'),
(102, '7', '1', '4', '10', '60.0', 'W'),
(103, '8', '1', '4', '5', '30.0', 'W'),
(104, '9', '1', '4', '5', '30.0', 'W'),
(105, '10', '1', '4', '25', '150.0', 'W'),
(106, '11', '1', '4', '10', '60.0', 'W'),
(106, '12', '1', '4', '10', '60.0', 'P'),
(107, '13', '1', '4', '10', '60.0', 'P'),
(110, '14', '1', '4', '10', '60.0', 'W');

-- --------------------------------------------------------

--
-- Table structure for table `horces_of_chit`
--

CREATE TABLE IF NOT EXISTS `horces_of_chit` (
  `horcesOfChit_ID` int(11) NOT NULL AUTO_INCREMENT,
  `horcesOfChit_ItemID` int(11) NOT NULL DEFAULT '0',
  `chitRegistration_ID` int(11) NOT NULL DEFAULT '0',
  `horcesOfChit_HorseName` varchar(100) NOT NULL DEFAULT '',
  `horcesOfChit_Pora` varchar(100) NOT NULL DEFAULT '',
  PRIMARY KEY (`horcesOfChit_ID`)
) ENGINE=MyISAM  DEFAULT CHARSET=latin1 AUTO_INCREMENT=456 ;

--
-- Dumping data for table `horces_of_chit`
--

INSERT INTO `horces_of_chit` (`horcesOfChit_ID`, `horcesOfChit_ItemID`, `chitRegistration_ID`, `horcesOfChit_HorseName`, `horcesOfChit_Pora`) VALUES
(1, 1, 1, 'MRSOPRANO', 'CC/4'),
(2, 2, 1, 'MRSTEADFAST', 'PE/1'),
(3, 3, 1, 'TOU', 'CK/1'),
(4, 1, 2, 'MRSOPRANO', 'CC/4'),
(5, 2, 2, 'MRORANGE', 'PO/1'),
(6, 3, 2, 'MRSTEADFAST', 'PE/1'),
(7, 1, 3, 'REFUSECOLETTE', 'NM/3'),
(8, 2, 3, 'FLYINGOFFICER', 'NM/5'),
(9, 3, 3, 'UPINLIGHTS', 'NM/7'),
(10, 4, 3, 'MRORANGE', 'PO/1'),
(11, 5, 3, 'MRSTEADFAST', 'PE/1'),
(12, 6, 3, 'MRSOPRANO', 'CC/4'),
(13, 1, 4, 'TOU', 'CK/1'),
(14, 2, 4, 'ADVENTUROUS', 'NM/4'),
(15, 3, 4, 'GALEFORCE', 'NM/5'),
(16, 1, 5, 'CAPTAINROYALE', 'PO/7'),
(17, 2, 5, 'UNNOTICED', 'CC/3'),
(18, 3, 5, 'KITTY,LEROY', 'CK/5'),
(19, 4, 5, 'HAPPYCALL', 'PO/2'),
(20, 5, 5, 'SOLWAYPRINCE', 'PE/4'),
(21, 1, 6, 'ABERLADY', 'CC/2'),
(22, 2, 6, 'HOTMUSTARD', 'CC/3'),
(23, 3, 6, 'CONSORTIUM', 'CC/8'),
(24, 4, 6, 'STRAIGHTOTHEPOINT', 'PO/4'),
(25, 5, 6, 'THESCOURGE', 'PE/3'),
(26, 1, 7, 'SEPAL', 'PO/3'),
(27, 2, 7, 'MAJORMAC', 'PO/8'),
(28, 3, 7, 'SHARPRISE', 'PE/4'),
(29, 4, 7, 'HAALICK', 'NM/4'),
(30, 1, 8, 'MRSOPRANO', 'CC/4'),
(31, 2, 8, 'MRORANGE', 'PO/1'),
(32, 3, 8, 'MRSTEADFAST', 'PE/1'),
(33, 4, 8, 'TOU', 'CK/1'),
(34, 1, 9, 'GROOVEJET', 'NM/5'),
(35, 2, 9, 'SINGZAK', 'PO/8'),
(36, 3, 9, 'ISLANDVILLA', 'PE/5'),
(37, 4, 9, 'FOOTSTEPSINTHERAIN', 'CC/4'),
(38, 1, 10, 'LADYCORRESPONDENT', 'NM/3'),
(39, 2, 10, 'ZONDERLAND', 'NM/4'),
(40, 3, 10, 'HOTMUSTARD', 'CC/3'),
(41, 1, 11, 'WORDCRAFT', 'NM/3'),
(42, 2, 11, 'GALEFORCE', 'NM/5'),
(43, 3, 11, 'CAPTAINNAVARRE', 'NM/6'),
(44, 4, 11, 'FIELDOFLIGHT', 'NM/8'),
(45, 1, 12, 'HOPEANDFAITH', 'CC/5'),
(46, 2, 12, 'STREETENTERTAINER', 'PE/3'),
(47, 3, 12, 'LITTLESWEETHEART', 'CK/3'),
(48, 4, 12, 'BATHOS', 'NM/2'),
(49, 5, 12, 'KNIGHTOFWANDS', 'NM/6'),
(50, 1, 13, 'CAPTAINROYALE', 'PO/7'),
(51, 2, 13, 'UNNOTICED', 'CC/3'),
(52, 3, 13, 'KITTY,LEROY', 'CK/5'),
(53, 4, 13, 'HAPPYCALL', 'PO/2'),
(54, 5, 13, 'BOLDPREDICTION', 'NM/7'),
(55, 6, 13, 'BLUSHES', 'CC/1'),
(56, 7, 13, 'THELUCKYONE', 'CK/2'),
(57, 8, 13, 'GROOVEJET', 'NM/5'),
(58, 9, 13, 'SINGZAK', 'PO/8'),
(59, 10, 13, 'ISLANDVILLA', 'PE/5'),
(60, 11, 13, 'FOOTSTEPSINTHERAIN', 'CC/4'),
(61, 12, 13, 'JOHNNYCAVAGIN', 'PO/4'),
(62, 13, 13, 'LADYNAYEF', 'CC/2'),
(63, 14, 13, 'FRIENDSHIPISLOVE', 'CK/3'),
(64, 1, 14, 'HOTMUSTARD', 'CC/3'),
(65, 2, 14, 'MILEHIGH', 'CC/7'),
(66, 3, 14, 'CONSORTIUM', 'CC/8'),
(67, 1, 15, 'HOTMUSTARD', 'CC/3'),
(68, 2, 15, 'FATTSOTA', 'PO/5'),
(69, 3, 15, 'LINGUISTIC', 'NM/1'),
(70, 4, 15, 'FLYINGOFFICER', 'NM/5'),
(71, 1, 16, 'JOHNNYCAVAGIN', 'PO/4'),
(72, 2, 16, 'OROTAVEO', 'CK/4'),
(73, 3, 16, 'MILEHIGH', 'CC/7'),
(74, 1, 17, 'HOTMUSTARD', 'CC/3'),
(75, 2, 17, 'GODINO', 'PP/7'),
(76, 3, 17, 'LUCYZULU', 'PP/8'),
(77, 4, 17, 'ITSBOURNEMOUTH', 'SD/7'),
(78, 5, 17, 'QUIETVOICE', 'SV/7'),
(79, 1, 18, 'CAPTAINROYALE', 'PO/7'),
(80, 2, 18, 'UNNOTICED', 'CC/3'),
(81, 3, 18, 'KITTY,LEROY', 'CK/5'),
(82, 1, 19, 'LITTLESWIFT', 'CC/1'),
(83, 2, 19, 'SETTOFIRE', 'CK/5'),
(84, 3, 19, 'EXECUTOR', 'NM/2'),
(85, 4, 19, 'RIOCA', 'PO/3'),
(86, 1, 20, 'SEPAL', 'PO/3'),
(87, 2, 20, 'EXECUTOR', 'NM/2'),
(88, 3, 20, 'LADYCORRESPONDENT', 'NM/3'),
(89, 4, 20, 'CLODIANNA', 'CC/1'),
(90, 5, 20, 'MILADY', 'CC/5'),
(91, 1, 21, 'CLODIANNA', 'CC/1'),
(92, 2, 21, 'MILADY', 'CC/5'),
(93, 3, 21, 'LINGUISTIC', 'NM/1'),
(94, 4, 21, 'EXECUTOR', 'NM/2'),
(95, 5, 21, 'WORDCRAFT', 'NM/3'),
(96, 1, 22, 'LINGUISTIC', 'NM/1'),
(97, 2, 22, 'EXECUTOR', 'NM/2'),
(98, 3, 22, 'WORDCRAFT', 'NM/3'),
(99, 4, 22, 'SANUSPERAQUAM', 'NM/4'),
(100, 5, 22, 'FLYINGOFFICER', 'NM/5'),
(101, 1, 23, 'BOLDPREDICTION', 'NM/7'),
(102, 2, 23, 'BLUSHES', 'CC/1'),
(103, 3, 23, 'THELUCKYONE', 'CK/2'),
(104, 1, 24, 'INTRIGUE', 'CC/6'),
(105, 2, 24, 'GREATTRANGO', 'CK/4'),
(106, 3, 24, 'TRUTH', 'CK/7'),
(107, 4, 24, 'RAISINGSAND', 'CC/7'),
(108, 1, 25, 'HAPPYCALL', 'PO/2'),
(109, 2, 25, 'CYRUSDARIUS', 'PE/3'),
(110, 3, 25, 'FAGAN', 'PE/7'),
(111, 1, 26, 'EYEOFTHESTORM', 'NM/5'),
(112, 2, 26, 'RHYTHMICAL', 'NM/6'),
(113, 3, 26, 'UPINLIGHTS', 'NM/7'),
(114, 1, 27, 'HOTMUSTARD', 'CC/3'),
(115, 2, 27, 'RIOCA', 'PO/3'),
(116, 3, 27, 'LINGUISTIC', 'NM/1'),
(117, 1, 28, 'LINGUISTIC', 'NM/1'),
(118, 2, 28, 'BATHOS', 'NM/2'),
(119, 3, 28, 'GALEFORCE', 'NM/5'),
(120, 4, 28, 'KNIGHTOFWANDS', 'NM/6'),
(121, 5, 28, 'HOTMUSTARD', 'CC/3'),
(122, 6, 28, 'CLARY', 'CC/4'),
(123, 7, 28, 'RIOCA', 'PO/3'),
(124, 8, 28, 'NEWBIDDER', 'PO/4'),
(125, 9, 28, 'ABSOLUTEZERO', 'PO/6'),
(126, 10, 28, 'JOHNNYGO', 'PE/4'),
(127, 11, 28, 'IORAGLAS', 'PE/5'),
(128, 1, 29, 'JANVANHOOF', 'PO/4'),
(129, 2, 29, 'LINKSDRIVELADY', 'NM/3'),
(130, 3, 29, 'SWISSCROSS', 'CC/5'),
(131, 4, 29, 'IMPERIALLEGEND', 'PO/7'),
(132, 5, 29, 'LAWMAKING', 'NM/4'),
(133, 6, 29, 'EXECUTOR', 'NM/2'),
(134, 7, 29, 'WHEATSlikAy', 'NM/7'),
(135, 1, 30, 'HOTMUSTARD', 'CC/3'),
(136, 2, 30, 'MIDNIGHTWHISTLER', 'CC/7'),
(137, 3, 30, 'SWISSCROSS', 'CC/5'),
(138, 4, 30, 'YORKEEMOSABEE', 'PO/1'),
(139, 5, 30, 'MERCHANTOFMEDICI', 'PO/8'),
(140, 6, 30, 'SWORDOFTHELORD', 'PE/5'),
(141, 1, 31, 'YORKEEMOSABEE', 'PO/1'),
(142, 2, 31, 'RIOCA', 'PO/3'),
(143, 3, 31, 'ELBEAU', 'PO/5'),
(144, 4, 31, 'TRUTH', 'CK/7'),
(145, 1, 32, 'SANUSPERAQUAM', 'NM/4'),
(146, 2, 32, 'QUEENSPEARL', 'NM/3'),
(147, 3, 32, 'CYRUSDARIUS', 'PE/3'),
(148, 1, 33, 'QUEENSPEARL', 'NM/3'),
(149, 2, 33, 'COSMOPOLITANGIRL', 'CC/2'),
(150, 3, 33, 'HOTMUSTARD', 'CC/3'),
(151, 1, 34, 'MUZDAVVAJ', 'NM/1'),
(152, 2, 34, 'JETMASTER', 'PE/5'),
(153, 3, 34, 'THEGAYCAVALIER', 'CC/3'),
(154, 1, 35, 'RAGINGPRINCESS', 'VA/6'),
(155, 2, 35, 'LISNOBLE', 'VA/7'),
(156, 3, 35, 'BARDOTACCENT', 'VA/9'),
(157, 4, 35, 'MONEYBALL', 'VA/7'),
(158, 5, 35, 'FINCHATTON', 'VA/8'),
(159, 6, 35, 'LASTBATTLE', 'VA/9'),
(160, 1, 36, 'LINGUISTIC', 'NM/1'),
(161, 2, 36, 'BATHOS', 'NM/2'),
(162, 3, 36, 'ROULEAU', 'NM/4'),
(163, 4, 36, 'LINKSDRIVELADY', 'NM/3'),
(164, 5, 36, 'FLYINGOFFICER', 'NM/5'),
(165, 6, 36, 'KNIGHTOFWANDS', 'NM/6'),
(166, 7, 36, 'HESNOSAINT', 'NM/7'),
(167, 8, 36, 'PLUTOCRACY', 'NM/8'),
(168, 1, 37, 'DONTTELLHER', 'CC/1'),
(169, 2, 37, 'HERALDIC', 'CC/2'),
(170, 3, 37, 'HOTMUSTARD', 'CC/3'),
(171, 4, 37, 'BAILEYSENPREMIER', 'CC/4'),
(172, 5, 37, 'SWISSCROSS', 'CC/5'),
(173, 6, 37, 'RAINBOWPRIDE', 'CC/6'),
(174, 7, 37, 'TARTOOR', 'CC/7'),
(175, 8, 37, 'SHIFTINGMOON', 'CC/8'),
(176, 1, 38, 'FACEOFGLORY', 'PO/1'),
(177, 2, 38, 'THAHABIFRAJ', 'PO/2'),
(178, 3, 38, 'RIOCA', 'PO/3'),
(179, 4, 38, 'NEWBIDDER', 'PO/4'),
(180, 5, 38, 'FATTSOTA', 'PO/5'),
(181, 6, 38, 'ABSOLUTEZERO', 'PO/6'),
(182, 7, 38, 'IMPERIALLEGEND', 'PO/7'),
(183, 8, 38, 'MAJORMAC', 'PO/8'),
(184, 1, 39, 'VANCOUVER1TE', 'PE/1'),
(185, 2, 39, 'BALLYWILLIAM', 'PE/2'),
(186, 3, 39, 'CYRUSDARIUS', 'PE/3'),
(187, 4, 39, 'BESEEINGYOU', 'PE/4'),
(188, 5, 39, 'JACKSTEEL', 'PE/5'),
(189, 6, 39, 'CAYMANISLANDS', 'PE/6'),
(190, 7, 39, 'FAGAN', 'PE/7'),
(191, 1, 40, 'MCTAGGART', 'CK/2'),
(192, 2, 40, 'RICHAGAIN', 'PO/4'),
(193, 3, 40, 'DISCLOSURE', 'PO/7'),
(194, 4, 40, 'BONDSGIRL', 'NM/3'),
(195, 5, 40, 'ANSAAB', 'NM/7'),
(196, 6, 40, 'RICHAGAIN', 'PO/4'),
(197, 1, 41, 'THEGAYCAVALIER', 'CC/3'),
(198, 2, 41, 'WELSHINLET', 'CC/4'),
(199, 3, 41, 'GREYFRIARSCHORISTA', 'CC/5'),
(200, 4, 41, 'TASLEET', 'NM/4'),
(201, 5, 41, 'INTRIGUE', 'CC/6'),
(202, 6, 41, 'TARTOOR', 'CC/7'),
(203, 7, 41, 'KNIGHTOFWANDS', 'NM/6'),
(204, 8, 41, 'GOLDENJUBILEE', 'NM/8'),
(205, 9, 41, 'MASTEROFFINANCE', 'PO/5'),
(206, 1, 42, 'GOLDENAMBER', 'NM/3'),
(207, 2, 42, 'HAPPYCALL', 'PO/2'),
(208, 3, 42, 'ELBEAU', 'PO/5'),
(209, 4, 42, 'SANUSPERAQUAM', 'NM/4'),
(210, 5, 42, 'HONCHO', 'CC/5'),
(211, 1, 43, 'YORKEEMOSABEE', 'PO/1'),
(212, 2, 43, 'SHEPHERDSBUSH', 'PO/2'),
(213, 3, 43, 'MASTEROFFINANCE', 'PO/5'),
(214, 1, 44, 'JANVANHOOF', 'PO/4'),
(215, 2, 44, 'ABSOLUTEZERO', 'PO/6'),
(216, 3, 44, 'RISENSUN', 'NM/3'),
(217, 4, 44, 'FOREVERNOW', 'NM/5'),
(218, 1, 45, 'CHAPTERONE', 'CK/1'),
(219, 2, 45, 'CALMBAY', 'CK/3'),
(220, 3, 45, 'GREATTRANGO', 'CK/4'),
(221, 4, 45, 'TRUTH', 'CK/7'),
(222, 1, 46, 'SECRETART', 'NM/7'),
(223, 2, 46, 'RHYTHMICAL', 'NM/6'),
(224, 3, 46, 'BONNIEBAIRD', 'NM/2'),
(225, 1, 47, 'LINKSDRIVELADY', 'NM/3'),
(226, 2, 47, 'CAPTAINNAVARRE', 'NM/6'),
(227, 1, 48, 'NEWBIDDER', 'PO/4'),
(228, 2, 48, 'RASHASH', 'PO/7'),
(229, 3, 48, 'CHAUVELIN', 'PO/8'),
(230, 1, 49, 'HERNANDOSHIDEAWAY', 'NM/6'),
(231, 2, 49, 'CLASSICSENIORITY', 'PO/4'),
(232, 3, 49, 'POLITENESS', 'PE/5'),
(233, 4, 49, 'HONCHO', 'CC/5'),
(234, 1, 50, 'DARKAVENGER', 'CC/3'),
(235, 2, 50, 'BESEEINGYOU', 'PE/4'),
(236, 3, 50, 'YANGTZE', 'PO/6'),
(237, 1, 51, 'QUEENSPEARL', 'NM/3'),
(238, 2, 51, 'COSMOPOLITANGIRL', 'CC/2'),
(239, 3, 51, 'HOTMUSTARD', 'CC/3'),
(240, 1, 52, 'SUNRAIDER', 'PO/4'),
(241, 2, 52, 'JACKOFHEARTS', 'PE/4'),
(242, 1, 53, 'LINGUISTIC', 'NM/1'),
(243, 2, 53, 'ROULEAU', 'NM/4'),
(244, 3, 53, 'INTRIGUE', 'CC/6'),
(245, 1, 54, 'LINGUISTIC', 'NM/1'),
(246, 2, 54, 'WORDCRAFT', 'NM/3'),
(247, 3, 54, 'GROOVEJET', 'NM/5'),
(248, 4, 54, 'BOLDPREDICTION', 'NM/7'),
(249, 1, 55, 'FELIXLEITER', 'PO/4'),
(250, 2, 55, 'TYFOS', 'PO/7'),
(251, 3, 55, 'WELSHINLET', 'CC/4'),
(252, 1, 56, 'MRSTEADFAST', 'PE/1'),
(253, 2, 56, 'BALLYWILLIAM', 'PE/2'),
(254, 3, 56, 'HAPPYCALL', 'PO/2'),
(255, 1, 57, 'GROOVEJET', 'NM/5'),
(256, 2, 57, 'SINGZAK', 'PO/8'),
(257, 3, 57, 'ISLANDVILLA', 'PE/5'),
(258, 4, 57, 'FOOTSTEPSINTHERAIN', 'CC/4'),
(259, 1, 58, 'MRSTEADFAST', 'PE/1'),
(260, 2, 58, 'BALLYWILLIAM', 'PE/2'),
(261, 3, 58, 'HAPPYCALL', 'PO/2'),
(262, 1, 59, 'THEGAYCAVALIER', 'CC/3'),
(263, 2, 59, 'TOU', 'CK/1'),
(264, 1, 60, 'QUEENSPEARL', 'NM/3'),
(265, 2, 60, 'FATTSOTA', 'PO/5'),
(266, 3, 60, 'CYRUSDARIUS', 'PE/3'),
(267, 4, 60, 'SANUSPERAQUAM', 'NM/4'),
(268, 5, 60, 'DARKAVENGER', 'CC/3'),
(269, 1, 61, 'ABERLADY', 'CC/2'),
(270, 2, 61, 'SEPAL', 'PO/3'),
(271, 3, 61, 'LADYCORRESPONDENT', 'NM/3'),
(272, 4, 61, 'EXECUTOR', 'NM/2'),
(273, 1, 62, 'DUBAIDYNAMO', 'NM/7'),
(274, 2, 62, 'PUTTINGGREEN', 'NM/6'),
(275, 3, 62, 'TYFOS', 'PO/7'),
(276, 1, 63, 'SECRETART', 'NM/7'),
(277, 2, 63, 'TIJUCA', 'CC/6'),
(278, 3, 63, 'LINGUISTIC', 'NM/1'),
(279, 1, 64, 'KNIGHTOFWANDS', 'NM/6'),
(280, 2, 64, 'RISENSUN', 'NM/3'),
(281, 3, 64, 'FLYINGOFFICER', 'NM/5'),
(282, 4, 64, 'CARIBBEANSPRING', 'CK/5'),
(283, 5, 64, 'STREETENTERTAINER', 'PE/3'),
(284, 1, 65, 'EASYCODE', 'PO/2'),
(285, 2, 65, 'MAULESDENMAY', 'PO/3'),
(286, 3, 65, 'STRAIGHTOTHEPOINT', 'PO/4'),
(287, 4, 65, 'LORDYEATS', 'PO/6'),
(288, 5, 65, 'RUBYSDAY', 'PO/7'),
(289, 1, 66, 'RIOCA', 'PO/3'),
(290, 2, 66, 'RISENSUN', 'NM/3'),
(291, 3, 66, 'SWEETESTTABOO', 'CK/3'),
(292, 1, 67, 'REFUSECOLETTE', 'NM/3'),
(293, 2, 67, 'ANGELGABRIAL', 'NM/5'),
(294, 3, 67, 'STRAIGHTOTHEPOINT', 'PO/4'),
(295, 1, 68, 'FOOTSTEPSINTHERAIN', 'CC/4'),
(296, 2, 68, 'DIAMONDLADY', 'CC/5'),
(297, 3, 68, 'CAPTAINNAVARRE', 'NM/6'),
(298, 1, 69, 'CAPTAINROYALE', 'PO/7'),
(299, 2, 69, 'DUBAIDYNAMO', 'NM/7'),
(300, 3, 69, 'LADYCORRESPONDENT', 'NM/3'),
(301, 1, 70, 'CAPTAINROYALE', 'PO/7'),
(302, 2, 70, 'UNNOTICED', 'CC/3'),
(303, 3, 70, 'KITTY,LEROY', 'CK/5'),
(304, 4, 70, 'JOHNNYCAVAGIN', 'PO/4'),
(305, 5, 70, 'LADYNAYEF', 'CC/2'),
(306, 6, 70, 'FRIENDSHIPISLOVE', 'CK/3'),
(307, 1, 71, 'HOTMUSTARD', 'CC/3'),
(308, 2, 71, 'FLYINGOFFICER', 'NM/5'),
(309, 3, 71, 'LINGUISTIC', 'NM/1'),
(310, 4, 71, 'KNIGHTOFWANDS', 'NM/6'),
(311, 1, 72, 'TYFOS', 'PO/7'),
(312, 2, 72, 'BARBEQUE', 'CK/3'),
(313, 3, 72, 'WANTING', 'NM/3'),
(314, 1, 73, 'GROOVEJET', 'NM/5'),
(315, 2, 73, 'SINGZAK', 'PO/8'),
(316, 3, 73, 'FOOTSTEPSINTHERAIN', 'CC/4'),
(317, 1, 74, 'RUBYSDAY', 'PO/7'),
(318, 2, 74, 'FIELDOFLIGHT', 'NM/8'),
(319, 3, 74, 'DIAMONDLADY', 'CC/5'),
(320, 1, 75, 'EXECUTOR', 'NM/2'),
(321, 2, 75, 'LADYCORRESPONDENT', 'NM/3'),
(322, 3, 75, 'LAWMAKING', 'NM/4'),
(323, 4, 75, 'ABERLADY', 'CC/2'),
(324, 5, 75, 'FOOTBRIDGE', 'CK/4'),
(325, 6, 75, 'SEPAL', 'PO/3'),
(326, 1, 76, 'KNIGHTOFWANDS', 'NM/6'),
(327, 2, 76, 'FLYINGOFFICER', 'NM/5'),
(328, 3, 76, 'LADYCORRESPONDENT', 'NM/3'),
(329, 4, 76, 'YORKEEMOSABEE', 'PO/1'),
(330, 5, 76, 'SHEPHERDSBUSH', 'PO/2'),
(331, 1, 77, 'HOTMUSTARD', 'CC/3'),
(332, 2, 77, 'CLARY', 'CC/4'),
(333, 3, 77, 'HONCHO', 'CC/5'),
(334, 1, 78, 'LITTLESWIFT', 'CC/1'),
(335, 2, 78, 'DARKFOREST', 'NM/1'),
(336, 3, 78, 'SANUSPERAQUAM', 'NM/4'),
(337, 1, 79, 'GROOVEJET', 'NM/5'),
(338, 2, 79, 'SINGZAK', 'PO/8'),
(339, 3, 79, 'ISLANDVILLA', 'PE/5'),
(340, 4, 79, 'FOOTSTEPSINTHERAIN', 'CC/4'),
(341, 1, 80, 'CAPTAINNAVARRE', 'NM/6'),
(342, 2, 80, 'SOLWAYPRINCE', 'PE/4'),
(343, 3, 80, 'IMPERIALLEGEND', 'PO/7'),
(344, 1, 81, 'HESNOSAINT', 'NM/7'),
(345, 2, 81, 'DARKAVENGER', 'CC/3'),
(346, 3, 81, 'SWISSCROSS', 'CC/5'),
(347, 1, 82, 'LAWMAKING', 'NM/4'),
(348, 1, 83, 'LACKADAY', 'CC/5'),
(349, 2, 83, 'ANDAR', 'CC/2'),
(350, 3, 83, 'SPIRAEA', 'PO/4'),
(351, 4, 83, 'CAPTAINNAVARRE', 'NM/6'),
(352, 1, 84, 'HIDEYOURFIRES', 'CC/1'),
(353, 2, 84, 'LADYNAYEF', 'CC/2'),
(354, 3, 84, 'FELIXLEITER', 'PO/4'),
(355, 4, 84, 'ABSOLUTEZERO', 'PO/6'),
(356, 5, 84, 'DARKFOREST', 'NM/1'),
(357, 1, 85, 'HIDEYOURFIRES', 'CC/1'),
(358, 2, 85, 'LADYNAYEF', 'CC/2'),
(359, 3, 85, 'FELIXLEITER', 'PO/4'),
(360, 4, 85, 'ABSOLUTEZERO', 'PO/6'),
(361, 5, 85, 'DARKFOREST', 'NM/1'),
(362, 1, 86, 'LINGUISTIC', 'NM/1'),
(363, 2, 86, 'ABSOLUTEZERO', 'PO/6'),
(364, 3, 86, 'ABERLADY', 'CC/2'),
(365, 4, 86, 'MILADY', 'CC/5'),
(366, 1, 87, 'JANVANHOOF', 'PO/4'),
(367, 2, 87, 'QUEENSPEARL', 'NM/3'),
(368, 3, 87, 'SWIFTCEDAR', 'PO/8'),
(369, 4, 87, 'RASHASH', 'PO/7'),
(370, 5, 87, 'GREATTRANGO', 'CK/4'),
(371, 6, 87, 'TRUTH', 'CK/7'),
(372, 7, 87, 'RIFLERANGE', 'NM/7'),
(373, 8, 87, 'FOOTSTEPSINTHERAIN', 'CC/4'),
(374, 1, 88, 'BALLYBEEOCEAN', 'CR/1'),
(375, 2, 88, 'WOODSIDESUAREZ', 'RO/5'),
(376, 3, 88, 'SISNEMISISGEOFF', 'RO/2'),
(377, 1, 89, 'DONTTELLHER', 'CC/1'),
(378, 1, 90, 'BOLDPREDICTION', 'NM/7'),
(379, 2, 90, 'BLUSHES', 'CC/1'),
(380, 3, 90, 'THELUCKYONE', 'CK/2'),
(381, 1, 91, 'SAVANNAHFLEET', 'SV/7'),
(382, 2, 91, 'NODECO', 'SV/6'),
(383, 3, 91, 'CHIPCAPECOD', 'PP/8'),
(384, 4, 91, 'JOHNNYROADSTER', 'PP/7'),
(385, 1, 92, 'FIELDOFLIGHT', 'NM/8'),
(386, 2, 92, 'CAPTAINNAVARRE', 'NM/6'),
(387, 3, 92, 'WORDCRAFT', 'NM/3'),
(388, 4, 92, 'HAALICK', 'NM/4'),
(389, 5, 92, 'COTTONCAMERA', 'PO/3'),
(390, 1, 93, 'CAPTAINROYALE', 'PO/7'),
(391, 2, 93, 'UNNOTICED', 'CC/3'),
(392, 3, 93, 'KITTY,LEROY', 'CK/5'),
(393, 1, 94, 'JOHNNYCAVAGIN', 'PO/4'),
(394, 2, 94, 'LADYNAYEF', 'CC/2'),
(395, 3, 94, 'FRIENDSHIPISLOVE', 'CK/3'),
(396, 1, 95, 'EXECUTOR', 'NM/2'),
(397, 2, 95, 'LADYCORRESPONDENT', 'NM/3'),
(398, 3, 95, 'LAWMAKING', 'NM/4'),
(399, 1, 96, 'WORDCRAFT', 'NM/3'),
(400, 2, 96, 'AVIZARE', 'CK/7'),
(401, 3, 96, 'CELTICFLAMES', 'PE/7'),
(402, 1, 97, 'LILYEDGE', 'CC/6'),
(403, 2, 97, 'LADYCORRESPONDENT', 'NM/3'),
(404, 3, 97, 'LINGUISTIC', 'NM/1'),
(405, 4, 97, 'FLYINGOFFICER', 'NM/5'),
(406, 1, 98, 'KNIGHTOFWANDS', 'NM/6'),
(407, 2, 98, 'THEHAPPYHAMMER', 'CC/3'),
(408, 3, 98, 'COSMOPOLITANGIRL', 'CC/2'),
(409, 4, 98, 'DARKFOREST', 'NM/1'),
(410, 5, 98, 'CONSORTIUM', 'CC/8'),
(411, 1, 99, 'FATTSOTA', 'PO/5'),
(412, 2, 99, 'JOHNNYGO', 'PE/4'),
(413, 3, 99, 'MUSTADRIK', 'PE/2'),
(414, 1, 100, 'COMPTONPARK', 'PO/4'),
(415, 2, 100, 'WORDCRAFT', 'NM/3'),
(416, 3, 100, 'KNIGHTOFWANDS', 'NM/6'),
(417, 4, 100, 'COSMOPOLITANGIRL', 'CC/2'),
(418, 5, 100, 'CONSORTIUM', 'CC/8'),
(419, 6, 100, 'MILADY', 'CC/5'),
(420, 7, 100, 'THEHAPPYHAMMER', 'CC/3'),
(421, 1, 101, 'SOUTHDOWNLAD', 'NM/2'),
(422, 2, 101, 'FRANKSTER', 'PO/2'),
(423, 3, 101, 'RUNNINGBROOK', 'PE/5'),
(424, 4, 101, 'BOTANICALLADY', 'CK/2'),
(425, 1, 102, 'BATHOS', 'NM/2'),
(426, 2, 102, 'LINGUISTIC', 'NM/1'),
(427, 3, 102, 'ROULEAU', 'NM/4'),
(428, 4, 102, 'STARLUCK', 'NM/8'),
(429, 1, 103, 'JOHNNYGO', 'PE/4'),
(430, 2, 103, 'QUEENSPEARL', 'NM/3'),
(431, 3, 103, 'LADYNAYEF', 'CC/2'),
(432, 4, 103, 'FLYINGOFFICER', 'NM/5'),
(433, 1, 104, 'GOLDENAMBER', 'NM/3'),
(434, 2, 104, 'HAPPYCALL', 'PO/2'),
(435, 3, 104, 'STREETENTERTAINER', 'PE/3'),
(436, 4, 104, 'SPENNITHORNE', 'CC/2'),
(437, 1, 105, 'FOOTBRIDGE', 'CK/4'),
(438, 2, 105, 'LINGUISTIC', 'NM/1'),
(439, 3, 105, 'SHIFTINGMOON', 'CC/8'),
(440, 4, 105, 'INTRIGUE', 'CC/6'),
(441, 1, 106, 'OATMEAL', 'CK/7'),
(442, 2, 106, 'HERALDIC', 'CC/2'),
(443, 3, 106, 'IVIONCARNO', 'CC/7'),
(444, 4, 106, 'PERRAULT', 'NM/6'),
(445, 1, 107, 'COMPEL', 'CC/2'),
(446, 2, 107, 'BARKSTONASH', 'PO/4'),
(447, 3, 107, 'CASTERBRIDGE', 'PO/7'),
(448, 4, 107, 'SENZAUNADONNA', 'NM/2'),
(449, 1, 108, 'KNIGHTOFWANDS', 'NM/6'),
(450, 2, 108, 'UPINLIGHTS', 'NM/7'),
(451, 1, 109, 'GODINO', 'PP/7'),
(452, 1, 110, 'GROOVEJET', 'NM/5'),
(453, 2, 110, 'SINGZAK', 'PO/8'),
(454, 3, 110, 'ISLANDVILLA', 'PE/5'),
(455, 4, 110, 'FOOTSTEPSINTHERAIN', 'CC/4');

-- --------------------------------------------------------

--
-- Table structure for table `packet`
--

CREATE TABLE IF NOT EXISTS `packet` (
  `packet_ID` int(11) NOT NULL AUTO_INCREMENT,
  `center_ID` int(11) NOT NULL DEFAULT '0',
  `packet_Date` varchar(100) NOT NULL DEFAULT '',
  `packet_FC` varchar(100) NOT NULL DEFAULT '',
  `packet_Cash` varchar(100) NOT NULL DEFAULT '',
  PRIMARY KEY (`packet_ID`)
) ENGINE=MyISAM  DEFAULT CHARSET=latin1 AUTO_INCREMENT=10 ;

--
-- Dumping data for table `packet`
--

INSERT INTO `packet` (`packet_ID`, `center_ID`, `packet_Date`, `packet_FC`, `packet_Cash`) VALUES
(1, 70, '2015/09/24', '9100.0', '0'),
(2, 100, '2015/09/24', '3355.0', '0'),
(3, 2, '2015/09/24', '2650.0', '0'),
(4, 79, '2015/09/24', '11797.0', '0'),
(5, 76, '2015/09/24', '2320.0', '0'),
(6, 82, '2015/09/24', '855.0', '0'),
(7, 77, '2015/09/24', '2312.0', '0'),
(8, 1, '2015/09/24', '2225.0', '0'),
(9, 66, '2015/09/24', '3480.0', '0');

-- --------------------------------------------------------

--
-- Table structure for table `pora`
--

CREATE TABLE IF NOT EXISTS `pora` (
  `pora_ID` int(11) NOT NULL AUTO_INCREMENT,
  `country_ID` int(11) NOT NULL DEFAULT '0',
  `pora` varchar(100) NOT NULL DEFAULT '',
  PRIMARY KEY (`pora_ID`)
) ENGINE=MyISAM  DEFAULT CHARSET=latin1 AUTO_INCREMENT=116 ;

--
-- Dumping data for table `pora`
--

INSERT INTO `pora` (`pora_ID`, `country_ID`, `pora`) VALUES
(1, 1, 'NM/1'),
(2, 1, 'NM/2'),
(3, 1, 'NM/3'),
(4, 1, 'NM/4'),
(5, 1, 'NM/5'),
(6, 1, 'NM/6'),
(7, 1, 'NM/7'),
(8, 1, 'NM/8'),
(9, 2, 'PE/1'),
(10, 2, 'PE/2'),
(11, 2, 'PE/3'),
(12, 2, 'PE/4'),
(13, 2, 'PE/5'),
(14, 2, 'PE/6'),
(15, 2, 'PE/7'),
(16, 3, 'PO/1'),
(17, 3, 'PO/2'),
(18, 3, 'PO/3'),
(19, 3, 'PO/4'),
(20, 3, 'PO/5'),
(21, 3, 'PO/6'),
(22, 3, 'PO/7'),
(23, 3, 'PO/8'),
(24, 4, 'CC/1'),
(25, 4, 'CC/2'),
(26, 4, 'CC/3'),
(27, 4, 'CC/4'),
(28, 4, 'CC/5'),
(29, 4, 'CC/6'),
(30, 4, 'CC/7'),
(31, 4, 'CC/8'),
(32, 5, 'CK/1'),
(33, 5, 'CK/2'),
(34, 5, 'CK/3'),
(35, 5, 'CK/4'),
(36, 5, 'CK/5'),
(37, 5, 'CK/6'),
(38, 5, 'CK/7'),
(39, 6, 'HI/1'),
(40, 6, 'HI/2'),
(41, 6, 'HI/3'),
(42, 6, 'HI/4'),
(43, 6, 'HI/5'),
(44, 6, 'HI/6'),
(45, 6, 'HI/7'),
(46, 7, 'SH/11'),
(47, 7, 'SH/12'),
(48, 8, 'VA/5'),
(49, 8, 'VA/6'),
(50, 8, 'VA/7'),
(51, 8, 'VA/8'),
(52, 8, 'VA/9'),
(53, 8, 'VA/10'),
(54, 9, 'SU/11'),
(55, 9, 'SU/12'),
(56, 10, 'ML/5'),
(57, 10, 'ML/6'),
(58, 10, 'ML/7'),
(59, 10, 'ML/8'),
(60, 11, 'NE/1'),
(61, 11, 'NE/2'),
(62, 11, 'NE/3'),
(63, 11, 'NE/4'),
(64, 11, 'NE/5'),
(65, 11, 'NE/6'),
(66, 11, 'NE/7'),
(67, 11, 'NE/8'),
(68, 11, 'NE/9'),
(69, 11, 'NE/10'),
(70, 11, 'NE/11'),
(71, 12, 'SV/6'),
(72, 12, 'SV/7'),
(73, 13, 'SI/1'),
(74, 13, 'SI/2'),
(75, 13, 'SI/3'),
(76, 13, 'SI/4'),
(77, 13, 'SI/5'),
(78, 13, 'SI/6'),
(79, 13, 'SI/7'),
(80, 13, 'SI/8'),
(81, 13, 'SI/9'),
(82, 13, 'SI/10'),
(83, 13, 'SI/11'),
(84, 13, 'SI/12'),
(85, 14, 'CR/1'),
(86, 14, 'CR/2'),
(87, 14, 'CR/3'),
(88, 14, 'CR/4'),
(89, 14, 'CR/5'),
(90, 14, 'CR/6'),
(91, 14, 'CR/7'),
(92, 14, 'CR/8'),
(93, 14, 'CR/9'),
(94, 14, 'CR/10'),
(95, 14, 'CR/11'),
(96, 14, 'CR/12'),
(97, 14, 'CR/13'),
(98, 14, 'CR/14'),
(99, 15, 'RO/1'),
(100, 15, 'RO/2'),
(101, 15, 'RO/3'),
(102, 15, 'RO/4'),
(103, 15, 'RO/5'),
(104, 15, 'RO/6'),
(105, 15, 'RO/7'),
(106, 15, 'RO/8'),
(107, 15, 'RO/9'),
(108, 15, 'RO/10'),
(109, 15, 'RO/11'),
(110, 15, 'RO/12'),
(111, 15, 'RO/13'),
(112, 15, 'RO/14'),
(113, 16, 'PP/7'),
(114, 16, 'PP/8'),
(115, 17, 'SD/7');

-- --------------------------------------------------------

--
-- Table structure for table `quadruples`
--

CREATE TABLE IF NOT EXISTS `quadruples` (
  `chitRegistration_ID` int(11) NOT NULL DEFAULT '0',
  `quadruple_ItemID` varchar(100) NOT NULL DEFAULT '',
  `quadruple_To` varchar(100) NOT NULL DEFAULT '',
  `quadruple_For` varchar(100) NOT NULL DEFAULT '',
  `quadruple_Amount` varchar(100) NOT NULL DEFAULT '',
  `quadruple_Value` varchar(100) NOT NULL DEFAULT '',
  `quadruple_Type` varchar(100) NOT NULL DEFAULT ''
) ENGINE=MyISAM DEFAULT CHARSET=latin1;

--
-- Dumping data for table `quadruples`
--

INSERT INTO `quadruples` (`chitRegistration_ID`, `quadruple_ItemID`, `quadruple_To`, `quadruple_For`, `quadruple_Amount`, `quadruple_Value`, `quadruple_Type`) VALUES
(20, '1', '1', '5', '5', '25.0', 'W'),
(21, '2', '1', '5', '5', '25.0', 'W'),
(22, '3', '1', '5', '5', '25.0', 'W'),
(31, '1', '1', '4', '50', '50.0', 'W'),
(42, '2', '1', '5', '20', '100.0', 'W'),
(98, '1', '1', '5', '10', '50.0', 'W');

-- --------------------------------------------------------

--
-- Table structure for table `quintuples`
--

CREATE TABLE IF NOT EXISTS `quintuples` (
  `chitRegistration_ID` int(11) NOT NULL DEFAULT '0',
  `quintuple_ItemID` varchar(100) NOT NULL DEFAULT '',
  `quintuple_To` varchar(100) NOT NULL DEFAULT '',
  `quintuple_For` varchar(100) NOT NULL DEFAULT '',
  `quintuple_Amount` varchar(100) NOT NULL DEFAULT '',
  `quintuple_Value` varchar(100) NOT NULL DEFAULT '',
  `quintuple_Type` varchar(100) NOT NULL DEFAULT ''
) ENGINE=MyISAM DEFAULT CHARSET=latin1;

-- --------------------------------------------------------

--
-- Table structure for table `race_card`
--

CREATE TABLE IF NOT EXISTS `race_card` (
  `raceCard_ID` int(100) NOT NULL AUTO_INCREMENT,
  `country_ID` int(11) NOT NULL DEFAULT '0',
  `pora` varchar(100) NOT NULL DEFAULT '',
  `raceCard_PoraNumber` varchar(100) NOT NULL DEFAULT '',
  `raceCard_HorseName` varchar(100) NOT NULL DEFAULT '',
  PRIMARY KEY (`raceCard_ID`)
) ENGINE=MyISAM  DEFAULT CHARSET=latin1 AUTO_INCREMENT=1010 ;

--
-- Dumping data for table `race_card`
--

INSERT INTO `race_card` (`raceCard_ID`, `country_ID`, `pora`, `raceCard_PoraNumber`, `raceCard_HorseName`) VALUES
(1, 1, 'NM/1', '1', 'BAZZAT'),
(2, 1, 'NM/1', '2', 'DARKFOREST'),
(3, 1, 'NM/1', '3', 'IMPEDIMENT'),
(4, 1, 'NM/1', '4', 'JUSTICEEARS'),
(5, 1, 'NM/1', '5', 'LINGUISTIC'),
(6, 1, 'NM/1', '6', 'MENGLIKHAN'),
(7, 1, 'NM/1', '7', 'MUSTAJEER'),
(8, 1, 'NM/1', '8', 'MUZDAVVAJ'),
(9, 1, 'NM/1', '9', 'PLENARY'),
(10, 1, 'NM/1', '10', 'PUSHAQ'),
(11, 1, 'NM/1', '11', 'REBELSTATE'),
(12, 1, 'NM/1', '12', 'THEJUGGLER'),
(13, 1, 'NM/1', '13', 'TOBEWILD'),
(14, 1, 'NM/1', '14', 'TOWERLANDSPARK'),
(15, 1, 'NM/2', '1', 'WARDEPARTMENT'),
(16, 1, 'NM/2', '2', 'THEYDONGREY'),
(17, 1, 'NM/2', '3', 'BATHOS'),
(18, 1, 'NM/2', '4', 'SOUTHDOWNLAD'),
(19, 1, 'NM/2', '5', 'EXECUTOR'),
(20, 1, 'NM/2', '6', 'BONNIEBAIRD'),
(21, 1, 'NM/2', '7', 'PREMIERCURRENCY'),
(22, 1, 'NM/2', '8', 'STRATHEARN'),
(23, 1, 'NM/2', '9', 'SENZAUNADONNA'),
(24, 1, 'NM/3', '1', 'GOLDENAMBER'),
(25, 1, 'NM/3', '2', 'WANTING'),
(26, 1, 'NM/3', '3', 'WORDCRAFT'),
(27, 1, 'NM/3', '4', 'QUEENSPEARL'),
(28, 1, 'NM/3', '5', 'LADYCORRESPONDENT'),
(29, 1, 'NM/3', '6', 'RISENSUN'),
(30, 1, 'NM/3', '7', 'BONDSGIRL'),
(31, 1, 'NM/3', '8', 'APPLEBERRY'),
(32, 1, 'NM/3', '9', 'LINKSDRIVELADY'),
(33, 1, 'NM/3', '10', 'ACCIPITER'),
(34, 1, 'NM/3', '11', 'ISEEMIST'),
(35, 1, 'NM/3', '12', 'REFUSECOLETTE'),
(36, 1, 'NM/3', '13', 'TOHFA'),
(37, 1, 'NM/4', '1', 'ORVAR'),
(38, 1, 'NM/4', '2', 'ROULEAU'),
(39, 1, 'NM/4', '3', 'ADVENTUROUS'),
(40, 1, 'NM/4', '4', 'HAALICK'),
(41, 1, 'NM/4', '5', 'LAWMAKING'),
(42, 1, 'NM/4', '6', 'SANUSPERAQUAM'),
(43, 1, 'NM/4', '7', 'STEADYPACE'),
(44, 1, 'NM/4', '8', 'TASLEET'),
(45, 1, 'NM/4', '9', 'ZONDERLAND'),
(46, 1, 'NM/5', '1', 'EYEOFTHESTORM'),
(47, 1, 'NM/5', '2', 'ANGELGABRIAL'),
(48, 1, 'NM/5', '3', 'FLYINGOFFICER'),
(49, 1, 'NM/5', '4', 'FOREVERNOW'),
(50, 1, 'NM/5', '5', 'HAVANABEAT'),
(51, 1, 'NM/5', '6', 'THECORNISHCOCKNEY'),
(52, 1, 'NM/5', '7', 'ARABIANCOMET'),
(53, 1, 'NM/5', '8', 'GALEFORCE'),
(54, 1, 'NM/5', '9', 'GROOVEJET'),
(55, 1, 'NM/6', '1', 'HERNANDOSHIDEAWAY'),
(56, 1, 'NM/6', '2', 'NOTNEVER'),
(57, 1, 'NM/6', '3', 'PUTTINGGREEN'),
(58, 1, 'NM/6', '4', 'KNIGHTOFWANDS'),
(59, 1, 'NM/6', '5', 'PETERHOF'),
(60, 1, 'NM/6', '6', 'RARERHYTHM'),
(61, 1, 'NM/6', '7', 'PERRAULT'),
(62, 1, 'NM/6', '8', 'RHYTHMICAL'),
(63, 1, 'NM/6', '9', 'CAPTAINNAVARRE'),
(64, 1, 'NM/7', '1', 'HESNOSAINT'),
(65, 1, 'NM/7', '2', 'DUBAIDYNAMO'),
(66, 1, 'NM/7', '3', 'SECRETART'),
(67, 1, 'NM/7', '4', 'MADEWITHLOVE'),
(68, 1, 'NM/7', '5', 'ANSAAB'),
(69, 1, 'NM/7', '6', 'RIFLERANGE'),
(70, 1, 'NM/7', '7', 'BOLDPREDICTION'),
(71, 1, 'NM/7', '8', 'UPINLIGHTS'),
(72, 1, 'NM/7', '9', 'THEMANDUS'),
(73, 1, 'NM/7', '10', 'ASSAULTONROME'),
(74, 1, 'NM/7', '11', 'WHEATSlikAy'),
(75, 1, 'NM/8', '1', 'PLUTOCRACY'),
(76, 1, 'NM/8', '2', 'STARLUCK'),
(77, 1, 'NM/8', '3', 'COMPTONBIRD'),
(78, 1, 'NM/8', '4', 'GOLDENJUBILEE'),
(79, 1, 'NM/8', '5', 'FIELDOFLIGHT'),
(80, 2, 'PE/1', '1', 'MRSTEADFAST'),
(81, 2, 'PE/1', '2', 'VANCOUVER1TE'),
(82, 2, 'PE/1', '3', 'ARCTICGOLD'),
(83, 2, 'PE/1', '4', 'CENTREHAAFHD'),
(84, 2, 'PE/1', '5', 'FREDERICCHOPIN'),
(85, 2, 'PE/1', '6', 'IFFJACK'),
(86, 2, 'PE/1', '7', 'KATIESCHOICE'),
(87, 2, 'PE/1', '8', 'SACKETT'),
(88, 2, 'PE/1', '9', 'SEVENDEVILS'),
(89, 2, 'PE/1', '10', 'WHERESTIGER'),
(90, 2, 'PE/2', '1', 'MUSTADRIK'),
(91, 2, 'PE/2', '2', 'MAJORIVAN'),
(92, 2, 'PE/2', '3', 'TRADEWINDS'),
(93, 2, 'PE/2', '4', 'BALLYWILLIAM'),
(94, 2, 'PE/2', '5', 'ISLAPEARLFISHER'),
(95, 2, 'PE/2', '6', 'KERISPER'),
(96, 2, 'PE/3', '1', 'SHADOWCATCHER'),
(97, 2, 'PE/3', '2', 'CYRUSDARIUS'),
(98, 2, 'PE/3', '3', 'KNIGHTSPARADE'),
(99, 2, 'PE/3', '4', 'STREETENTERTAINER'),
(100, 2, 'PE/3', '5', 'THESCOURGE'),
(101, 2, 'PE/4', '1', 'SHARPRISE'),
(102, 2, 'PE/4', '2', 'MISSDINAMIC'),
(103, 2, 'PE/4', '3', 'BESEEINGYOU'),
(104, 2, 'PE/4', '4', 'RONALDINHO'),
(105, 2, 'PE/4', '5', 'SOLWAYPRINCE'),
(106, 2, 'PE/4', '6', 'MARAVVEH'),
(107, 2, 'PE/4', '7', 'JOHNNYGO'),
(108, 2, 'PE/4', '8', 'JACKOFHEARTS'),
(109, 2, 'PE/5', '1', 'SEEYOUALLINCOPPERS'),
(110, 2, 'PE/5', '2', 'JETMASTER'),
(111, 2, 'PE/5', '3', 'POLITENESS'),
(112, 2, 'PE/5', '4', 'ROMANNUMERAL'),
(113, 2, 'PE/5', '5', 'ITSALLANACT'),
(114, 2, 'PE/5', '6', 'RUNNINGBROOK'),
(115, 2, 'PE/5', '7', 'IORAGLAS'),
(116, 2, 'PE/5', '8', 'MISSNORTHLIGHT'),
(117, 2, 'PE/5', '9', 'JACKSTEEL'),
(118, 2, 'PE/5', '10', 'COOLBARANCA'),
(119, 2, 'PE/5', '11', 'SWORDOFTHELORD'),
(120, 2, 'PE/5', '12', 'ISLANDVILLA'),
(121, 2, 'PE/6', '1', 'QUITODUTRESOR'),
(122, 2, 'PE/6', '2', 'GLEANNNANDOCHAIS'),
(123, 2, 'PE/6', '3', 'CAYMANISLANDS'),
(124, 2, 'PE/6', '4', 'PEKANHEIM'),
(125, 2, 'PE/6', '5', 'WESTEND'),
(126, 2, 'PE/6', '6', 'GINCOBBLER'),
(127, 2, 'PE/6', '7', 'BOUGGIETOPIECES'),
(128, 2, 'PE/6', '8', 'ENDEAVOR'),
(129, 2, 'PE/7', '1', 'PETAPENKO'),
(130, 2, 'PE/7', '2', 'BALLINVEGGA'),
(131, 2, 'PE/7', '3', 'CELTICFLAMES'),
(132, 2, 'PE/7', '4', 'FAGAN'),
(133, 2, 'PE/7', '5', 'SILVASAMOURAI'),
(134, 2, 'PE/7', '6', 'SOLWAY.LARK'),
(135, 2, 'PE/7', '7', 'TRESPASSERSWILL'),
(136, 2, 'PE/7', '8', 'WICKEDWILLY'),
(137, 2, 'PE/7', '9', 'SOLWAYSUNRISE'),
(138, 3, 'PO/1', '1', 'BLAGGER'),
(139, 3, 'PO/1', '2', 'CHEMPEDAKBAY'),
(140, 3, 'PO/1', '3', 'FACEOFGLORY'),
(141, 3, 'PO/1', '4', 'FINEEXAMPLE'),
(142, 3, 'PO/1', '5', 'MRORANGE'),
(143, 3, 'PO/1', '6', 'PORTPARADISE'),
(144, 3, 'PO/1', '7', 'REINFORCED'),
(145, 3, 'PO/1', '8', 'REMAAN'),
(146, 3, 'PO/1', '9', 'WILDEEXTRAVAGANCE'),
(147, 3, 'PO/1', '10', 'WOOTTONVALE'),
(148, 3, 'PO/1', '11', 'YORKEEMOSABEE'),
(149, 3, 'PO/2', '1', 'EASYCODE'),
(150, 3, 'PO/2', '2', 'EXPLOSIVEPOWER'),
(151, 3, 'PO/2', '3', 'FRANKSTER'),
(152, 3, 'PO/2', '4', 'HAPPYCALL'),
(153, 3, 'PO/2', '5', 'REGALRESPONSE'),
(154, 3, 'PO/2', '6', 'ROYALDISPLAY'),
(155, 3, 'PO/2', '7', 'SHEPHERDSBUSH'),
(156, 3, 'PO/2', '8', 'THAHABIFRAJ'),
(157, 3, 'PO/2', '9', 'ROCETTE'),
(158, 3, 'PO/2', '10', 'SAVANNAHSTAR'),
(159, 3, 'PO/3', '1', 'MISEENROSE'),
(160, 3, 'PO/3', '2', 'PERU'),
(161, 3, 'PO/3', '3', 'SEPAL'),
(162, 3, 'PO/3', '4', 'SANDRASSECRET'),
(163, 3, 'PO/3', '5', 'RIOCA'),
(164, 3, 'PO/3', '6', 'POPLARCLOSE'),
(165, 3, 'PO/3', '7', 'BOUTAN'),
(166, 3, 'PO/3', '8', 'POSTERGIRL'),
(167, 3, 'PO/3', '9', 'MAULESDENMAY'),
(168, 3, 'PO/3', '10', 'TOBOGGANSFIRE'),
(169, 3, 'PO/3', '11', 'COTTONCAMERA'),
(170, 3, 'PO/4', '1', 'NEWBIDDER'),
(171, 3, 'PO/4', '2', 'BARKSTONASH'),
(172, 3, 'PO/4', '3', 'NEZAR'),
(173, 3, 'PO/4', '4', 'SUNRAIDER'),
(174, 3, 'PO/4', '5', 'SEAWOLF'),
(175, 3, 'PO/4', '6', 'COMPTONPARK'),
(176, 3, 'PO/4', '7', 'AMBITIOUSICARUS'),
(177, 3, 'PO/4', '8', 'STRAIGHTOTHEPOINT'),
(178, 3, 'PO/4', '9', 'RICHAGAIN'),
(179, 3, 'PO/4', '10', 'JANVANHOOF'),
(180, 3, 'PO/4', '11', 'VALLARTA'),
(181, 3, 'PO/4', '12', 'FELIXLEITER'),
(182, 3, 'PO/4', '13', 'JOHNNYCAVAGIN'),
(183, 3, 'PO/4', '14', 'CLASSICSENIORITY'),
(184, 3, 'PO/4', '15', 'AMBITIOUSBOY'),
(185, 3, 'PO/4', '16', 'SPIRAEA'),
(186, 3, 'PO/4', '17', 'APROVADO'),
(187, 3, 'PO/5', '1', 'FATTSOTA'),
(188, 3, 'PO/5', '2', 'MASTEROFFINANCE'),
(189, 3, 'PO/5', '3', 'THISISTHEDAY'),
(190, 3, 'PO/5', '4', 'SILVERYMOON'),
(191, 3, 'PO/5', '5', 'LUCKYBRIDLE'),
(192, 3, 'PO/5', '6', 'ELBEAU'),
(193, 3, 'PO/6', '1', 'ABSOLUTEZERO'),
(194, 3, 'PO/6', '2', 'CALYPSODELEGATOR'),
(195, 3, 'PO/6', '3', 'INJAM'),
(196, 3, 'PO/6', '4', 'LORDYEATS'),
(197, 3, 'PO/6', '5', 'PERCYSTREET'),
(198, 3, 'PO/6', '6', 'SIGNEDANDSEALED'),
(199, 3, 'PO/6', '7', 'TAUTOLOGY'),
(200, 3, 'PO/6', '8', 'YANGTZE'),
(201, 3, 'PO/6', '9', 'AMBERMYSTIQUE'),
(202, 3, 'PO/6', '10', 'DOTGREEN'),
(203, 3, 'PO/6', '11', 'DREAMSERENADE'),
(204, 3, 'PO/7', '1', 'SOULBROTHER'),
(205, 3, 'PO/7', '2', 'RASHASH'),
(206, 3, 'PO/7', '3', 'STRAITSOFMALACCA'),
(207, 3, 'PO/7', '4', 'CRUISETOTHELIMIT'),
(208, 3, 'PO/7', '5', 'PUNKROCKER'),
(209, 3, 'PO/7', '6', 'CASTERBRIDGE'),
(210, 3, 'PO/7', '7', 'TYFOS'),
(211, 3, 'PO/7', '8', 'RUBYSDAY'),
(212, 3, 'PO/7', '9', 'CAPTAINROYALE'),
(213, 3, 'PO/7', '10', 'IMPERIALLEGEND'),
(214, 3, 'PO/7', '11', 'DISCLOSURE'),
(215, 3, 'PO/7', '12', 'DEBIT'),
(216, 3, 'PO/7', '13', 'THATCHERITE'),
(217, 3, 'PO/7', '14', 'KNOCKAMANYBENDS'),
(218, 3, 'PO/8', '1', 'SYNCOPATE'),
(219, 3, 'PO/8', '2', 'SWIFTCEDAR'),
(220, 3, 'PO/8', '3', 'ROCKTHERUNWAY'),
(221, 3, 'PO/8', '4', 'CERTIFICATION'),
(222, 3, 'PO/8', '5', 'CHAUVELIN'),
(223, 3, 'PO/8', '6', 'MERCHANTOFMEDICI'),
(224, 3, 'PO/8', '7', 'PERTUIS'),
(225, 3, 'PO/8', '8', 'CARDHIGH'),
(226, 3, 'PO/8', '9', 'SINGZAK'),
(227, 3, 'PO/8', '10', 'MAJORMAC'),
(228, 3, 'PO/8', '11', 'BLUASBELLE'),
(229, 4, 'CC/1', '1', 'IFWINTERCOMES'),
(230, 4, 'CC/1', '2', 'CLODIANNA'),
(231, 4, 'CC/1', '3', 'BLUSHES'),
(232, 4, 'CC/1', '4', 'LITTLESWIFT'),
(233, 4, 'CC/1', '5', 'BROUGHTONSMYSTERY'),
(234, 4, 'CC/1', '6', 'DAYDREAM'),
(235, 4, 'CC/1', '7', 'LAILAHONIWILLOW'),
(236, 4, 'CC/1', '8', 'LITTLEKIPLING'),
(237, 4, 'CC/1', '9', 'STARGLIMMER'),
(238, 4, 'CC/1', '10', 'LILYASH'),
(239, 4, 'CC/1', '11', 'ROMANTICCOMEDY'),
(240, 4, 'CC/1', '12', 'DONTTELLHER'),
(241, 4, 'CC/1', '13', 'HIDEYOURFIRES'),
(242, 4, 'CC/2', '1', 'HERALDIC'),
(243, 4, 'CC/2', '2', 'SPENNITHORNE'),
(244, 4, 'CC/2', '3', 'ARCHIMEDES'),
(245, 4, 'CC/2', '4', 'WEDGE'),
(246, 4, 'CC/2', '5', 'DESTROYER'),
(247, 4, 'CC/2', '6', 'ANDAR'),
(248, 4, 'CC/2', '7', 'BOYCIE'),
(249, 4, 'CC/2', '8', 'COSMOPOLITANGIRL'),
(250, 4, 'CC/2', '9', 'ABERLADY'),
(251, 4, 'CC/2', '10', 'COMPEL'),
(252, 4, 'CC/2', '11', 'LADYNAYEF'),
(253, 4, 'CC/3', '1', 'THEGAYCAVALIER'),
(254, 4, 'CC/3', '2', 'HOTMUSTARD'),
(255, 4, 'CC/3', '3', 'WUZETIAN'),
(256, 4, 'CC/3', '4', 'DARKAVENGER'),
(257, 4, 'CC/3', '5', 'UNNOTICED'),
(258, 4, 'CC/3', '6', 'ENRICHING'),
(259, 4, 'CC/3', '7', 'THEHAPPYHAMMER'),
(260, 4, 'CC/3', '8', 'TRULEESCRUMPTIOUS'),
(261, 4, 'CC/3', '9', 'NUFOOTH'),
(262, 4, 'CC/3', '10', 'MANOLITO'),
(263, 4, 'CC/3', '11', 'MANDRIA'),
(264, 4, 'CC/4', '1', 'BAILEYSENPREMIER'),
(265, 4, 'CC/4', '2', 'FOOTSTEPSINTHERAIN'),
(266, 4, 'CC/4', '3', 'MISHRIF'),
(267, 4, 'CC/4', '4', 'MRSOPRANO'),
(268, 4, 'CC/4', '5', 'LEROUQUIN'),
(269, 4, 'CC/4', '6', 'VASTLY'),
(270, 4, 'CC/4', '7', 'BAKER'),
(271, 4, 'CC/4', '8', 'WELSHINLET'),
(272, 4, 'CC/4', '9', 'CLARY'),
(273, 4, 'CC/4', '10', 'ROXIELOT'),
(274, 4, 'CC/5', '1', 'GREYFRIARSCHORISTA'),
(275, 4, 'CC/5', '2', 'BERNMEBABY'),
(276, 4, 'CC/5', '3', 'DOMINIUM'),
(277, 4, 'CC/5', '4', 'DIAMONDLADY'),
(278, 4, 'CC/5', '5', 'ELEUSIS'),
(279, 4, 'CC/5', '6', 'SWISSCROSS'),
(280, 4, 'CC/5', '7', 'HOPEANDFAITH'),
(281, 4, 'CC/5', '8', 'MIGHTYZIP'),
(282, 4, 'CC/5', '9', 'LACKADAY'),
(283, 4, 'CC/5', '10', 'HONCHO'),
(284, 4, 'CC/5', '11', 'MILADY'),
(285, 4, 'CC/5', '12', 'DRIVEON'),
(286, 4, 'CC/5', '13', 'PENNYDREADFUL'),
(287, 4, 'CC/5', '14', 'EFFUSIVE'),
(288, 4, 'CC/6', '1', 'TIJUCA'),
(289, 4, 'CC/6', '2', 'JETHOUISLAND'),
(290, 4, 'CC/6', '3', 'JERSEYCREAM'),
(291, 4, 'CC/6', '4', 'THEDUKKERER'),
(292, 4, 'CC/6', '5', 'LILYEDGE'),
(293, 4, 'CC/6', '6', 'ELAGOOGLAMOU'),
(294, 4, 'CC/6', '7', 'RAINBOWPRIDE'),
(295, 4, 'CC/6', '8', 'INTRIGUE'),
(296, 4, 'CC/6', '9', 'LAYLASKING'),
(297, 4, 'CC/6', '10', 'MOVIEMAGIC'),
(298, 4, 'CC/6', '11', 'ROLYTRICKS'),
(299, 4, 'CC/6', '12', 'FINETUNE'),
(300, 4, 'CC/6', '13', 'EXPENSIVETASTE'),
(301, 4, 'CC/6', '14', 'CLOCKONTOM'),
(302, 4, 'CC/6', '15', 'DARKELEGANCE'),
(303, 4, 'CC/6', '16', 'COPIOUSKATIE'),
(304, 4, 'CC/7', '1', 'FIXUPLOOKSHARP'),
(305, 4, 'CC/7', '2', 'IVIONCARNO'),
(306, 4, 'CC/7', '3', 'BEYONDARGUMENT'),
(307, 4, 'CC/7', '4', 'DRAGO'),
(308, 4, 'CC/7', '5', 'FREESTATE'),
(309, 4, 'CC/7', '6', 'MIDNIGHTWHISTLER'),
(310, 4, 'CC/7', '7', 'NOSEYBARKER'),
(311, 4, 'CC/7', '8', 'PETRUCCI'),
(312, 4, 'CC/7', '9', 'RAISINGSAND'),
(313, 4, 'CC/7', '10', 'SNEAKINGBUDGE'),
(314, 4, 'CC/7', '11', 'TARTOOR'),
(315, 4, 'CC/7', '12', 'DOTDASHDOT'),
(316, 4, 'CC/7', '13', 'MILEHIGH'),
(317, 4, 'CC/7', '14', 'NAFLA'),
(318, 4, 'CC/7', '15', 'SIGNOFTHETIMES'),
(319, 4, 'CC/8', '1', 'IDLETALKER'),
(320, 4, 'CC/8', '2', 'CONSORTIUM'),
(321, 4, 'CC/8', '3', 'DISSERTATION'),
(322, 4, 'CC/8', '4', 'TAFOLAU'),
(323, 4, 'CC/8', '5', 'SHIFTINGMOON'),
(324, 4, 'CC/8', '6', 'LAFRITILLAIRE'),
(325, 4, 'CC/8', '7', 'DUKEOFROMANCE'),
(326, 4, 'CC/8', '8', 'SHEILASSTEPS'),
(327, 5, 'CK/1', '1', 'CHAPTERONE'),
(328, 5, 'CK/1', '2', 'COMPASSHILL'),
(329, 5, 'CK/1', '3', 'FALCAO'),
(330, 5, 'CK/1', '4', 'TOU'),
(331, 5, 'CK/1', '5', 'FUTUREICON'),
(332, 5, 'CK/1', '6', 'LOVEROSIE'),
(333, 5, 'CK/1', '7', 'PRINCESSETAIN'),
(334, 5, 'CK/1', '8', 'WALLEDGARDEN'),
(335, 5, 'CK/1', '9', 'WILDATLANTICWAY'),
(336, 5, 'CK/2', '1', 'SASSAWAY'),
(337, 5, 'CK/2', '2', 'BAINNE'),
(338, 5, 'CK/2', '3', 'SHANGHAIBEAUTY'),
(339, 5, 'CK/2', '4', 'BATTLEROFTHEBOYNE'),
(340, 5, 'CK/2', '5', 'LOCALFLIER'),
(341, 5, 'CK/2', '6', 'OORJOCK'),
(342, 5, 'CK/2', '7', 'ECOEYE'),
(343, 5, 'CK/2', '8', 'MCTAGGART'),
(344, 5, 'CK/2', '9', 'APACHEGOLD'),
(345, 5, 'CK/2', '10', 'BOTANICALLADY'),
(346, 5, 'CK/2', '11', 'THELUCKYONE'),
(347, 5, 'CK/3', '1', 'CALMBAY'),
(348, 5, 'CK/3', '2', 'ZAINDERA'),
(349, 5, 'CK/3', '3', 'SWEETESTTABOO'),
(350, 5, 'CK/3', '4', 'WELLDONEME'),
(351, 5, 'CK/3', '5', 'DANZGIFT'),
(352, 5, 'CK/3', '6', 'ENTERTHERED'),
(353, 5, 'CK/3', '7', 'BARBEQUE'),
(354, 5, 'CK/3', '8', 'LITTLESWEETHEART'),
(355, 5, 'CK/3', '9', 'FRIENDSHIPISLOVE'),
(356, 5, 'CK/3', '10', 'LONGFIELDLAD'),
(357, 5, 'CK/3', '11', 'LACANAADA'),
(358, 5, 'CK/4', '1', 'ALLFORNOTHING'),
(359, 5, 'CK/4', '2', 'AULDBRIG'),
(360, 5, 'CK/4', '3', 'FOOTBRIDGE'),
(361, 5, 'CK/4', '4', 'GREATTRANGO'),
(362, 5, 'CK/4', '5', 'ITSONLYMOSSY'),
(363, 5, 'CK/4', '6', 'LAWSOFSPIN'),
(364, 5, 'CK/4', '7', 'LORDJUSTICE'),
(365, 5, 'CK/4', '8', 'OCEANHARVEST'),
(366, 5, 'CK/4', '9', 'OUTLAWBLUES'),
(367, 5, 'CK/4', '10', 'TENSTARLION'),
(368, 5, 'CK/4', '11', 'UNIVERSALFOCUS'),
(369, 5, 'CK/4', '12', 'ALLINONE'),
(370, 5, 'CK/4', '13', 'OROTAVEO'),
(371, 5, 'CK/4', '14', 'QUEENBLOSSOM'),
(372, 5, 'CK/4', '15', 'VALEOFROCK'),
(373, 5, 'CK/4', '16', 'VERBOSITY'),
(374, 5, 'CK/5', '1', 'CARIBBEANSPRING'),
(375, 5, 'CK/5', '2', 'HOLLYWOODROAD'),
(376, 5, 'CK/5', '3', 'SETTOFIRE'),
(377, 5, 'CK/5', '4', 'JAAFY'),
(378, 5, 'CK/5', '5', 'KITTY,LEROY'),
(379, 5, 'CK/5', '6', 'ZIGZAG'),
(380, 5, 'CK/5', '7', 'NIVEN'),
(381, 5, 'CK/5', '8', 'COILLTEMACH'),
(382, 5, 'CK/5', '9', 'DILLYDAYDREAM'),
(383, 5, 'CK/5', '10', 'KILTEERYPIER'),
(384, 5, 'CK/5', '11', 'SEEYOUINMALTA'),
(385, 5, 'CK/5', '12', 'ANGELICDEMON'),
(386, 5, 'CK/5', '13', 'LATENDRESSE'),
(387, 5, 'CK/5', '14', 'GIVEDAKETTLEASHAKE'),
(388, 5, 'CK/5', '15', 'DONTQUIT'),
(389, 5, 'CK/5', '16', 'THEFROZENWELL'),
(390, 5, 'CK/5', '17', 'SMILINGEMILY'),
(391, 5, 'CK/5', '18', 'ATHASACH'),
(392, 5, 'CK/5', '19', 'SUPERBOWL'),
(393, 5, 'CK/5', '20', 'TEXASRADIO'),
(394, 5, 'CK/6', '1', 'COLOURBLUE'),
(395, 5, 'CK/6', '2', 'AKIRA'),
(396, 5, 'CK/6', '3', 'TAMADHOR'),
(397, 5, 'CK/7', '1', 'FLYROUNDTHEBEND'),
(398, 5, 'CK/7', '2', 'FREEDOMOFTHESEAS'),
(399, 5, 'CK/7', '3', 'MELANNA'),
(400, 5, 'CK/7', '4', 'OATMEAL'),
(401, 5, 'CK/7', '5', 'SILVERSALLY'),
(402, 5, 'CK/7', '6', 'AVENANTE'),
(403, 5, 'CK/7', '7', 'AVIZARE'),
(404, 5, 'CK/7', '8', 'CHICAGOSECRET'),
(405, 5, 'CK/7', '9', 'CHINESELIGHT'),
(406, 5, 'CK/7', '10', 'DEONTAS'),
(407, 5, 'CK/7', '11', 'HONOROAK'),
(408, 5, 'CK/7', '12', 'LUMINIZE'),
(409, 5, 'CK/7', '13', 'ROLANNA'),
(410, 5, 'CK/7', '14', 'SECUNDOSOUT'),
(411, 5, 'CK/7', '15', 'TRUTH'),
(412, 6, 'HI/1', '1', 'TAOTE'),
(413, 6, 'HI/1', '2', 'MARYSUN'),
(414, 6, 'HI/1', '3', 'HOVERCRAFT'),
(415, 6, 'HI/1', '4', 'LAFORISTA'),
(416, 6, 'HI/1', '5', 'NEOPREN'),
(417, 6, 'HI/1', '6', 'DIANADEFALANGOLA'),
(418, 6, 'HI/1', '7', 'SENORELMER'),
(419, 6, 'HI/1', '8', 'LASVEGASGIRL'),
(420, 6, 'HI/1', '9', 'MIAJAVIERA'),
(421, 6, 'HI/1', '10', 'ZANTHUS'),
(422, 6, 'HI/1', '11', 'LABARQUILLITA'),
(423, 6, 'HI/1', '12', 'PEDROCOLORIN'),
(424, 6, 'HI/1', '13', 'PARQUESANMIGUEL'),
(425, 6, 'HI/1', '14', 'SOGNADOR'),
(426, 6, 'HI/1', '15', 'LAPRIMERAVEZ'),
(427, 6, 'HI/2', '1', 'RAZ1ONALE'),
(428, 6, 'HI/2', '2', 'LLEGOLAPLATA'),
(429, 6, 'HI/2', '3', 'GIANLUCA'),
(430, 6, 'HI/2', '4', 'CHICOFURIA'),
(431, 6, 'HI/2', '5', 'MODERNO'),
(432, 6, 'HI/2', '6', 'ELCAPORAL'),
(433, 6, 'HI/2', '7', 'NEWEVOLUTION'),
(434, 6, 'HI/2', '8', 'CUNIO'),
(435, 6, 'HI/2', '9', 'MATEINMATEON'),
(436, 6, 'HI/2', '10', 'RIGOROSO'),
(437, 6, 'HI/3', '1', 'LEBRUN'),
(438, 6, 'HI/3', '2', 'SOLDESUDAN'),
(439, 6, 'HI/3', '3', 'MARDECRISTAL'),
(440, 6, 'HI/3', '4', 'BRAVOALBERTO'),
(441, 6, 'HI/3', '5', 'TOPONDENUEVE'),
(442, 6, 'HI/3', '6', 'GEORGEALEXANDER'),
(443, 6, 'HI/3', '7', 'BABAORILEY'),
(444, 6, 'HI/3', '8', 'HARD1MAN'),
(445, 6, 'HI/4', '1', 'THESINGULAR'),
(446, 6, 'HI/4', '2', 'HERBKAISER'),
(447, 6, 'HI/4', '3', 'ESTRELLATREINTA'),
(448, 6, 'HI/4', '4', 'DIVORCIADOFELIZ'),
(449, 6, 'HI/4', '5', 'MISIO'),
(450, 6, 'HI/4', '6', 'ELPURENINO'),
(451, 6, 'HI/4', '7', 'SIRMILTON'),
(452, 6, 'HI/4', '8', 'ELPATASNEGRAS'),
(453, 6, 'HI/4', '9', 'MINT'),
(454, 6, 'HI/4', '10', 'WITCHED'),
(455, 6, 'HI/4', '11', 'ETHICALHACKER'),
(456, 6, 'HI/4', '12', 'PRINCIPEWILD'),
(457, 6, 'HI/4', '13', 'MORPHEO'),
(458, 6, 'HI/4', '14', 'SOSIEGATEMANDUJA'),
(459, 6, 'HI/4', '15', 'HEARTOFVENICE'),
(460, 6, 'HI/5', '1', 'SOUTHERNCAT'),
(461, 6, 'HI/5', '2', 'KILROY'),
(462, 6, 'HI/5', '3', 'GATURRO'),
(463, 6, 'HI/5', '4', 'ECTONKING'),
(464, 6, 'HI/5', '5', 'URKO'),
(465, 6, 'HI/5', '6', 'FEL1ZDEVIVIR'),
(466, 6, 'HI/6', '1', 'PORTISERE'),
(467, 6, 'HI/6', '2', 'GRANBENY'),
(468, 6, 'HI/6', '3', 'SITMAN'),
(469, 6, 'HI/6', '4', 'UNBUENRATO'),
(470, 6, 'HI/6', '5', 'GOLDSUMMER'),
(471, 6, 'HI/6', '6', 'HORROROSO'),
(472, 6, 'HI/6', '7', 'MCLAREN'),
(473, 6, 'HI/6', '8', 'TOC'),
(474, 6, 'HI/6', '9', 'LOVELYOCEAN'),
(475, 6, 'HI/7', '1', 'FANTASIOSOSOY'),
(476, 6, 'HI/7', '2', 'COMPITA'),
(477, 6, 'HI/7', '3', 'CAIVIPEONAMAYOR'),
(478, 6, 'HI/7', '4', 'BASALKA'),
(479, 6, 'HI/7', '5', 'TATAGUILLO'),
(480, 6, 'HI/7', '6', 'SIEMPREENTABLA'),
(481, 6, 'HI/7', '7', 'GRANPEGASO'),
(482, 6, 'HI/7', '8', 'RIOHUEQUEN'),
(483, 6, 'HI/7', '9', 'DEJENLOPASAR'),
(484, 6, 'HI/7', '10', 'REVISOR'),
(485, 6, 'HI/7', '11', 'MONEYNOOBJECT'),
(486, 7, 'SH/11', '1', 'DICKSOULDBRAE'),
(487, 7, 'SH/11', '2', 'SLANEYSIDEFLOYD'),
(488, 7, 'SH/11', '3', 'FRANK1ESCHARM'),
(489, 7, 'SH/11', '4', 'BODELLPEARL'),
(490, 7, 'SH/11', '5', 'MRWOLF'),
(491, 7, 'SH/11', '6', 'SWIFT.VANESSA'),
(492, 7, 'SH/12', '1', 'PARLEYBOY'),
(493, 7, 'SH/12', '2', 'BLUEBOYHAWK'),
(494, 7, 'SH/12', '3', 'DOCMARTIN'),
(495, 7, 'SH/12', '4', 'HEADITONROWLAND'),
(496, 7, 'SH/12', '5', 'KATIESGENERAL'),
(497, 7, 'SH/12', '6', 'DROOPYSTRIESTE'),
(498, 8, 'VA/5', '1', 'ROVINGJET'),
(499, 8, 'VA/5', '2', 'AYRTON'),
(500, 8, 'VA/5', '3', 'DELAVERE'),
(501, 8, 'VA/5', '4', 'WINTERREBEL'),
(502, 8, 'VA/5', '5', 'CRIMSONMAGIC'),
(503, 8, 'VA/5', '6', 'KINGOFCLOTH'),
(504, 8, 'VA/5', '7', 'SPACEWARRIOR'),
(505, 8, 'VA/5', '8', 'AFRICANSUN'),
(506, 8, 'VA/5', '9', 'IRISHPRIDE'),
(507, 8, 'VA/5', '10', 'PROSPECTUS'),
(508, 8, 'VA/5', '11', 'TIKITORCH'),
(509, 8, 'VA/5', '12', 'TRUSTYJIM'),
(510, 8, 'VA/5', '13', 'TRUSTYTROY'),
(511, 8, 'VA/5', '14', 'WILLIAMNICOL'),
(512, 8, 'VA/5', '15', 'MASTERDUKE'),
(513, 8, 'VA/6', '1', 'MILLENIUMREIGN'),
(514, 8, 'VA/6', '2', 'BRIGHTBRONTE'),
(515, 8, 'VA/6', '3', 'IRISHGRACE'),
(516, 8, 'VA/6', '4', 'CELINE'),
(517, 8, 'VA/6', '5', 'TORRELAVEGA'),
(518, 8, 'VA/6', '6', 'ENOUGHSAID'),
(519, 8, 'VA/6', '7', 'STARRYSOIREE'),
(520, 8, 'VA/6', '8', 'LADIGUE'),
(521, 8, 'VA/6', '9', 'SHEIKSDIAMOND'),
(522, 8, 'VA/6', '10', 'BADDREAM'),
(523, 8, 'VA/6', '11', 'NIGHTMOVES'),
(524, 8, 'VA/6', '12', 'RAGINGPRINCESS'),
(525, 8, 'VA/6', '13', 'LADIESCLUB'),
(526, 8, 'VA/6', '14', 'PRINCESSMAGGIE'),
(527, 8, 'VA/6', '15', 'GOLDSHADES'),
(528, 8, 'VA/6', '16', 'SOFTSAND'),
(529, 8, 'VA/6', '17', 'INKOLO'),
(530, 8, 'VA/7', '1', 'DEMOSTHENES'),
(531, 8, 'VA/7', '2', 'TOMFOOL'),
(532, 8, 'VA/7', '3', 'ANTONIUSCHARM'),
(533, 8, 'VA/7', '4', 'GOLDSTATUS'),
(534, 8, 'VA/7', '5', 'CASHMEREKID'),
(535, 8, 'VA/7', '6', 'MONEYBALL'),
(536, 8, 'VA/7', '7', 'AZAARROW'),
(537, 8, 'VA/7', '8', 'DAWNRAID'),
(538, 8, 'VA/7', '9', 'DONVITO'),
(539, 8, 'VA/7', '10', 'BLACKCOSSACK'),
(540, 8, 'VA/7', '11', 'OPAHLATINO'),
(541, 8, 'VA/7', '12', 'NAHOONBEACH'),
(542, 8, 'VA/7', '13', 'LISNOBLE'),
(543, 8, 'VA/7', '14', 'ARKANSAS'),
(544, 8, 'VA/7', '15', 'HEISMAGIC'),
(545, 8, 'VA/7', '16', 'CHEDWINPARK'),
(546, 8, 'VA/7', '17', 'FEARNOTHING'),
(547, 8, 'VA/8', '1', 'DENNISTHEMENACE'),
(548, 8, 'VA/8', '2', 'FLAGOFFRANCE'),
(549, 8, 'VA/8', '3', 'ROCKMEVAR'),
(550, 8, 'VA/8', '4', 'VULCAN'),
(551, 8, 'VA/8', '5', 'FINCHATTON'),
(552, 8, 'VA/8', '6', 'CALLKELLY'),
(553, 8, 'VA/8', '7', 'KAPELLMEISTER'),
(554, 8, 'VA/8', '8', 'YUKONGOLD'),
(555, 8, 'VA/8', '9', 'HEYWOT'),
(556, 8, 'VA/8', '10', 'NIGHTEDITOR'),
(557, 8, 'VA/9', '1', 'CASCIANO'),
(558, 8, 'VA/9', '2', 'TOLIFE'),
(559, 8, 'VA/9', '3', 'COHIBA'),
(560, 8, 'VA/9', '4', 'COSMICTOM'),
(561, 8, 'VA/9', '5', 'LASTBATTLE'),
(562, 8, 'VA/9', '6', 'MANXPARK'),
(563, 8, 'VA/9', '7', 'BARDOTACCENT'),
(564, 8, 'VA/9', '8', 'BAH'),
(565, 8, 'VA/9', '9', 'ONTHENOD'),
(566, 8, 'VA/9', '10', 'HIGHGAME'),
(567, 8, 'VA/9', '11', 'FLYINGWELSHMAN'),
(568, 8, 'VA/9', '12', 'FRANCOISP'),
(569, 8, 'VA/10', '1', 'SANDSOFTIME'),
(570, 8, 'VA/10', '2', 'AQUABUOY'),
(571, 8, 'VA/10', '3', 'MISTERPOTTER'),
(572, 8, 'VA/10', '4', 'OBRIENTHELION'),
(573, 8, 'VA/10', '5', 'TEAGANSBOY'),
(574, 8, 'VA/10', '6', 'SHOT'),
(575, 8, 'VA/10', '7', 'NEUFDEPAPE'),
(576, 8, 'VA/10', '8', 'CRYPTICCLUE'),
(577, 8, 'VA/10', '9', 'BORDERHOPPER'),
(578, 8, 'VA/10', '10', 'CASHIN'),
(579, 8, 'VA/10', '11', 'PICHICHI'),
(580, 8, 'VA/10', '12', 'REVELATION'),
(581, 8, 'VA/10', '13', 'STEBBINS'),
(582, 8, 'VA/10', '14', 'UMTHETHO'),
(583, 8, 'VA/10', '15', 'ROCKFORCE'),
(584, 9, 'SU/1', '1', 'BOBBIESRETURN'),
(585, 9, 'SU/1', '2', 'AJAXXPRINCESS'),
(586, 9, 'SU/1', '3', 'COONEENALFIE'),
(587, 9, 'SU/1', '4', 'THREEJAYSKATIE'),
(588, 9, 'SU/1', '5', 'COMBOLIZ'),
(589, 9, 'SU/1', '6', 'MILLJACKSON'),
(590, 9, 'SU/1', '1', 'MONEYGALLNICO'),
(591, 9, 'SU/1', '2', 'BISCOKID'),
(592, 9, 'SU/1', '3', 'SLANEYSIDEANDY'),
(593, 9, 'SU/1', '4', 'CUSHIEREALTA'),
(594, 9, 'SU/1', '5', 'FARLOESUPREME'),
(595, 10, 'ML/5', '1', 'MYMANCHARLIE'),
(596, 10, 'ML/5', '2', 'SWIFTREPLY'),
(597, 10, 'ML/5', '3', 'BELLANOCHE'),
(598, 10, 'ML/5', '4', 'LOVEMOON'),
(599, 10, 'ML/5', '5', 'KENDANNEMARIE'),
(600, 10, 'ML/5', '6', 'TIMALLA'),
(601, 10, 'ML/5', '7', 'SCATENATA'),
(602, 10, 'ML/5', '8', 'ZAHRAMEL'),
(603, 10, 'ML/5', '9', 'FLORIDAKEYS'),
(604, 10, 'ML/5', '10', 'MONYWA'),
(605, 10, 'ML/5', '11', 'NEVERSAYNEVER'),
(606, 10, 'ML/5', '12', 'DANZADELABARRE'),
(607, 10, 'ML/5', '13', 'REDRUBIN'),
(608, 10, 'ML/6', '1', 'DONBOSCO'),
(609, 10, 'ML/6', '2', 'RAVENRIDGE'),
(610, 10, 'ML/6', '3', 'SUSSUDIO'),
(611, 10, 'ML/6', '4', 'REDBROOK'),
(612, 10, 'ML/6', '5', 'KINGRUBI'),
(613, 10, 'ML/6', '6', 'PRIVATE'),
(614, 10, 'ML/6', '7', 'ZENOBIOS'),
(615, 10, 'ML/6', '8', 'ORIENTEXTREME'),
(616, 10, 'ML/6', '9', 'DYLAR'),
(617, 10, 'ML/6', '10', 'MATORIO'),
(618, 10, 'ML/7', '1', 'NEWOUTLOOK'),
(619, 10, 'ML/7', '2', 'MURILLO'),
(620, 10, 'ML/7', '3', 'LESCRIBE'),
(621, 10, 'ML/7', '4', 'ASAGAYA'),
(622, 10, 'ML/7', '5', 'SPIRITORSOUL'),
(623, 10, 'ML/7', '6', 'MONTESQUIEU'),
(624, 10, 'ML/7', '7', 'STORMMAN'),
(625, 10, 'ML/7', '8', 'CASQUITO'),
(626, 10, 'ML/7', '9', 'LEONLUSIO'),
(627, 10, 'ML/7', '10', 'ENDIO'),
(628, 10, 'ML/7', '11', 'LEBROSSILLON'),
(629, 10, 'ML/7', '12', 'BOMBINETA'),
(630, 10, 'ML/7', '13', 'KEYTOFUN'),
(631, 10, 'ML/8', '1', 'SLEEKFONTEINE'),
(632, 10, 'ML/8', '2', 'PRECIOUSKING'),
(633, 10, 'ML/8', '3', 'WHOOLAHRA'),
(634, 10, 'ML/8', '4', 'WINTERMAGIC'),
(635, 10, 'ML/8', '5', 'NABUNGA'),
(636, 10, 'ML/8', '6', 'NAABAHA'),
(637, 10, 'ML/8', '7', 'ALBUFERA'),
(638, 10, 'ML/8', '8', 'RIVERPARIS'),
(639, 10, 'ML/8', '9', 'SQUARESET'),
(640, 10, 'ML/8', '10', 'ZEROSPIRIT'),
(641, 10, 'ML/8', '11', 'MAGICMILES'),
(642, 10, 'ML/8', '12', 'DESTIN'),
(643, 10, 'ML/8', '13', 'CRYSTALBEACHROAD'),
(644, 10, 'ML/8', '14', 'MOLAUKEV'),
(645, 10, 'ML/8', '15', 'DINGARI'),
(646, 10, 'ML/8', '16', 'WHYWHIPPING'),
(647, 10, 'ML/8', '17', 'WHATASTORY'),
(648, 11, 'NE/1', '1', 'TARGETGLEN'),
(649, 11, 'NE/1', '2', 'SHELLAMBELLE'),
(650, 11, 'NE/1', '3', 'MILLVIEWFOX'),
(651, 11, 'NE/1', '4', 'WOODYSARIANA'),
(652, 11, 'NE/1', '5', 'CAMBOISJEANIE'),
(653, 11, 'NE/1', '6', 'QUEENIESHI'),
(654, 11, 'NE/2', '1', 'HAVANASARRIVED'),
(655, 11, 'NE/2', '2', 'FORGEHEATHER'),
(656, 11, 'NE/2', '3', 'BLUESTONEOLLY'),
(657, 11, 'NE/2', '4', 'PORTBEGSNAPPER'),
(658, 11, 'NE/2', '5', 'STEELWARHORSE'),
(659, 11, 'NE/2', '6', 'BRAMBLEPADDY'),
(660, 11, 'NE/3', '1', 'QUEENIESMAVERIK'),
(661, 11, 'NE/3', '2', 'FRIDAYSPOLICY'),
(662, 11, 'NE/3', '3', 'AMAZESME'),
(663, 11, 'NE/3', '4', 'VALENTIAFROSTY'),
(664, 11, 'NE/3', '5', 'MOLLYSFRANKIE'),
(665, 11, 'NE/3', '6', 'KLOCKWORKTIP'),
(666, 11, 'NE/4', '1', 'BUTIDONTDRINK'),
(667, 11, 'NE/4', '2', 'WOODYSASIA'),
(668, 11, 'NE/4', '3', 'NAEGUID'),
(669, 11, 'NE/4', '4', 'ROMEOBIGFUN'),
(670, 11, 'NE/4', '5', 'BRAMBLEKEEGAN'),
(671, 11, 'NE/4', '6', 'MARYSCOMMAND'),
(672, 11, 'NE/5', '1', 'KILLACOLLASUGAR'),
(673, 11, 'NE/5', '2', 'CLANCHIEF'),
(674, 11, 'NE/5', '3', 'SEEITFIRST'),
(675, 11, 'NE/5', '4', 'LATERISER'),
(676, 11, 'NE/5', '5', 'ELWICKSCOOP'),
(677, 11, 'NE/5', '6', 'BRAMBLEPOLLY'),
(678, 11, 'NE/6', '1', 'WOODYSAURORA'),
(679, 11, 'NE/6', '2', 'NICEBUBBLES'),
(680, 11, 'NE/6', '3', 'SHAZABABBAROO'),
(681, 11, 'NE/6', '4', 'SHELLAMTYRA'),
(682, 11, 'NE/6', '5', 'KEVINSFORTBOLT'),
(683, 11, 'NE/6', '6', 'TARGETKATNISS'),
(684, 11, 'NE/7', '1', 'FANEADEEKAY'),
(685, 11, 'NE/7', '2', 'UNKNOWNSILVA'),
(686, 11, 'NE/7', '3', 'BLUEHALLRAVEN'),
(687, 11, 'NE/7', '4', 'OLDFORTCYCLONE'),
(688, 11, 'NE/7', '5', 'ALNWICKMASTER'),
(689, 11, 'NE/7', '6', 'ROMEOCHAOS'),
(690, 11, 'NE/8', '1', 'EASTCOASTDENNIS'),
(691, 11, 'NE/8', '2', 'AIRSUPPLY'),
(692, 11, 'NE/8', '3', 'FABULOUSSTORM'),
(693, 11, 'NE/8', '4', 'RAVENVUEBRENDA'),
(694, 11, 'NE/8', '5', 'TARGETBELLA'),
(695, 11, 'NE/8', '6', 'CHAOTICSERENA'),
(696, 11, 'NE/9', '1', 'PRETTYLEE'),
(697, 11, 'NE/9', '2', 'COLLIERYDIAMOND'),
(698, 11, 'NE/9', '3', 'TENDULKAR'),
(699, 11, 'NE/9', '4', 'SAPPHIRETREND'),
(700, 11, 'NE/9', '5', 'ROMEODIABLO'),
(701, 11, 'NE/9', '6', 'MILLCUBAN'),
(702, 11, 'NE/10', '1', 'QUEENIESJOKER'),
(703, 11, 'NE/10', '2', 'OGHILLREVENGE'),
(704, 11, 'NE/10', '3', 'SUGARFORGOLD'),
(705, 11, 'NE/10', '4', 'CHALLENGER'),
(706, 11, 'NE/10', '5', 'BALLYSHANEPET'),
(707, 11, 'NE/10', '6', 'ELWICKDOMANIK'),
(708, 11, 'NE/11', '1', 'QUEENIESTHREE'),
(709, 11, 'NE/11', '2', 'CUILROCKET'),
(710, 11, 'NE/11', '3', 'ARMCHAIRMCGLYNN'),
(711, 11, 'NE/11', '4', 'PINPOINTCLASSIC'),
(712, 11, 'NE/11', '5', 'UPONTHEROOF'),
(713, 11, 'NE/11', '6', 'MILLSLIP'),
(714, 12, 'SV/6', '1', 'FRANKLINPEA'),
(715, 12, 'SV/6', '2', 'FOOTDOWN'),
(716, 12, 'SV/6', '3', 'NODECO'),
(717, 12, 'SV/6', '4', 'PATRIOTSRUIN'),
(718, 12, 'SV/6', '5', 'COLONIALWINE'),
(719, 12, 'SV/6', '6', 'GRAPHITEGALLOP'),
(720, 12, 'SV/6', '7', 'CEREALCURB'),
(721, 12, 'SV/6', '8', 'LINEEMUP'),
(722, 12, 'SV/6', '9', 'RUMBA'),
(723, 12, 'SV/6', '10', 'FIRSTFORMAT'),
(724, 12, 'SV/6', '11', 'MOBJOHNBROWN'),
(725, 12, 'SV/6', '12', 'REBELRING'),
(726, 12, 'SV/6', '13', 'CURLYTOP'),
(727, 12, 'SV/6', '14', 'ALLEGORICAL'),
(728, 12, 'SV/7', '1', 'IDLEOUTLAW'),
(729, 12, 'SV/7', '2', 'SAVANNAHFLEET'),
(730, 12, 'SV/7', '3', 'BADCONFLICT'),
(731, 12, 'SV/7', '4', 'QUIETVOICE'),
(732, 12, 'SV/7', '5', 'FASTNLOOSE'),
(733, 12, 'SV/7', '6', 'STARMOUSE'),
(734, 12, 'SV/7', '7', 'SCOFFA'),
(735, 12, 'SV/7', '8', 'JETWASH'),
(736, 12, 'SV/7', '9', 'COUNTSUKA'),
(737, 12, 'SV/7', '10', 'PURITANTOAST'),
(738, 13, 'SI/1', '1', 'YASSOOBLUE'),
(739, 13, 'SI/1', '2', 'BRANNIGBOOMBOOM'),
(740, 13, 'SI/1', '3', 'DROOPYSWANDA'),
(741, 13, 'SI/1', '4', 'COOGAN'),
(742, 13, 'SI/1', '5', 'RAZLDAZLHARLEY'),
(743, 13, 'SI/1', '6', 'SIGNJOSIE'),
(744, 13, 'SI/2', '1', 'KOWLOONNICK'),
(745, 13, 'SI/2', '2', 'FANESCUTT'),
(746, 13, 'SI/2', '3', 'RATHLINABBIE'),
(747, 13, 'SI/2', '4', 'COURTSADINTER'),
(748, 13, 'SI/2', '5', 'KILARAROYALHIGH'),
(749, 13, 'SI/2', '6', 'BESTLAD'),
(750, 13, 'SI/3', '1', 'NINJATURBO'),
(751, 13, 'SI/3', '2', 'MYREALMUTLEY'),
(752, 13, 'SI/3', '3', 'DOITFORTWIGGY'),
(753, 13, 'SI/3', '4', 'LANNJACOB'),
(754, 13, 'SI/3', '5', 'SIDARIANBLITZ'),
(755, 13, 'SI/3', '6', 'TORPHINBLUESKY'),
(756, 13, 'SI/4', '1', 'BUBBLYGOLD'),
(757, 13, 'SI/4', '2', 'FRANKSDREAM'),
(758, 13, 'SI/4', '3', 'MISSTHEFLIGHT'),
(759, 13, 'SI/4', '4', 'ACROSSTHEWAY'),
(760, 13, 'SI/4', '5', 'BEUPFRONT'),
(761, 13, 'SI/4', '6', 'SOVIETKENNY'),
(762, 13, 'SI/5', '1', 'JULIUSGEORGE'),
(763, 13, 'SI/5', '2', 'PRICELESSSUN'),
(764, 13, 'SI/5', '3', 'SHOPGIBBON'),
(765, 13, 'SI/5', '4', 'JETSTREAMREASON'),
(766, 13, 'SI/5', '5', 'ALITTLELESSLIP'),
(767, 13, 'SI/5', '6', 'AEROFRENZY'),
(768, 13, 'SI/6', '1', 'BUBBLYNINJA'),
(769, 13, 'SI/6', '2', 'BIZARRO'),
(770, 13, 'SI/6', '3', 'BOYDEREK'),
(771, 13, 'SI/6', '4', 'LENSONROYALE'),
(772, 13, 'SI/6', '5', 'MOSBULLET'),
(773, 13, 'SI/6', '6', 'ERNESTASSCOTT'),
(774, 13, 'SI/7', '1', 'MASHCAGE'),
(775, 13, 'SI/7', '2', 'SKYJACK'),
(776, 13, 'SI/7', '3', 'JAYTEEBERLIN'),
(777, 13, 'SI/7', '4', 'BROADWAYRIVAL'),
(778, 13, 'SI/7', '5', 'LENSONTIGGY'),
(779, 13, 'SI/7', '6', 'BALLYMACMANIX'),
(780, 13, 'SI/8', '1', 'KENTISHMAN'),
(781, 13, 'SI/8', '2', 'VIEWTHEMOON'),
(782, 13, 'SI/8', '3', 'HOLDEMCHICO'),
(783, 13, 'SI/8', '4', 'MILLWARDSDAVY'),
(784, 13, 'SI/8', '5', 'LONCRANGESPY'),
(785, 13, 'SI/8', '6', 'ASTRAPRINCE'),
(786, 13, 'SI/9', '1', 'SCOLARIEXPRESS'),
(787, 13, 'SI/9', '2', 'RAZLDAZLNEWSTALK'),
(788, 13, 'SI/9', '3', 'RECULVEROZZIE'),
(789, 13, 'SI/9', '4', 'BLACKSTONEGAZA'),
(790, 13, 'SI/9', '5', 'SALLINSMAJOR'),
(791, 13, 'SI/9', '6', 'CASTLELYONSCOFI'),
(792, 13, 'SI/10', '1', 'KIELRAZZLE'),
(793, 13, 'SI/10', '2', 'RAZLDAZLBIGBEAR'),
(794, 13, 'SI/10', '3', 'LENSONRAZLDAZL'),
(795, 13, 'SI/10', '4', 'AFFANEDUKE'),
(796, 13, 'SI/10', '5', 'ADAMANTZULU'),
(797, 13, 'SI/10', '6', 'SOVIETJACKSON'),
(798, 13, 'SI/11', '1', 'LENSONJED'),
(799, 13, 'SI/11', '2', 'FITTOWIN'),
(800, 13, 'SI/11', '3', 'BALLYGIBBONKING'),
(801, 13, 'SI/11', '4', 'LAUGHILMAX'),
(802, 13, 'SI/11', '5', 'MOANTEENMERLIN'),
(803, 13, 'SI/11', '6', 'CROSSFIELDCESAR'),
(804, 13, 'SI/12', '1', 'DROOPYSDART'),
(805, 13, 'SI/12', '2', 'BADMOONRISING'),
(806, 13, 'SI/12', '3', 'FARNEYSCOOKIE'),
(807, 13, 'SI/12', '4', 'SWABYSMILLWARD'),
(808, 13, 'SI/12', '5', 'BARNISHPANTHER'),
(809, 13, 'SI/12', '6', 'HOLDEMLEE'),
(810, 14, 'CR/1', '1', 'LADBROKESKID'),
(811, 14, 'CR/1', '2', 'AFFANESOLDIER'),
(812, 14, 'CR/1', '3', 'BALLYBEEOCEAN'),
(813, 14, 'CR/1', '4', 'GENEVADANNY'),
(814, 14, 'CR/1', '5', 'SPORTINGENDA'),
(815, 14, 'CR/1', '6', 'LADSMIRANDA'),
(816, 14, 'CR/2', '1', 'TRUMPERSDOBBY'),
(817, 14, 'CR/2', '2', 'CLONGEELSWORD'),
(818, 14, 'CR/2', '3', 'NEWLAWNAOIFE'),
(819, 14, 'CR/2', '4', 'ACEOFCLUBS'),
(820, 14, 'CR/2', '5', 'RATHRONANDAWN'),
(821, 14, 'CR/2', '6', 'TINASWESTERN'),
(822, 14, 'CR/3', '1', 'MISSSPECTACULAR'),
(823, 14, 'CR/3', '2', 'FAWNGENE'),
(824, 14, 'CR/3', '3', 'CASHENMISCHIEF'),
(825, 14, 'CR/3', '4', 'GUNNERGEORGE'),
(826, 14, 'CR/3', '5', 'SLOWLANECHARLEY'),
(827, 14, 'CR/3', '6', 'THREETHREE'),
(828, 14, 'CR/4', '1', 'COPPERFELLS'),
(829, 14, 'CR/4', '2', 'NOBODYSBABY'),
(830, 14, 'CR/4', '3', 'GRINGOSMAESTRO'),
(831, 14, 'CR/4', '4', 'BROWNBESS'),
(832, 14, 'CR/4', '5', 'KILLIEFORDTHORN'),
(833, 14, 'CR/4', '6', 'NANCYFROMNAIROBI'),
(834, 14, 'CR/5', '1', 'BYEBYECUCKOO'),
(835, 14, 'CR/5', '2', 'CALMDOWNDA'),
(836, 14, 'CR/5', '3', 'LEMONSWIPER'),
(837, 14, 'CR/5', '4', 'SHOEMAKERSJACK'),
(838, 14, 'CR/5', '5', 'WESSIEBEAUTY'),
(839, 14, 'CR/5', '6', 'KNOCKNAHEENYBOY'),
(840, 14, 'CR/6', '1', 'WINNIEDUBH'),
(841, 14, 'CR/6', '2', 'PUSHPUSHPIXIE'),
(842, 14, 'CR/6', '3', 'COMPASSTED'),
(843, 14, 'CR/6', '4', 'MISSMESS1'),
(844, 14, 'CR/6', '5', 'DARKCATVADAR'),
(845, 14, 'CR/6', '6', 'ALTAMOUNTKATE'),
(846, 14, 'CR/7', '1', 'CORRINBRAE'),
(847, 14, 'CR/7', '2', 'UPAGUMTREE'),
(848, 14, 'CR/7', '3', 'BAILEPHOILLASS'),
(849, 14, 'CR/7', '4', 'FARRANBERNADO'),
(850, 14, 'CR/7', '5', 'PURAVIDA'),
(851, 14, 'CR/7', '6', 'PREMARKETHONEY'),
(852, 14, 'CR/8', '1', 'ELLENSCHOICE'),
(853, 14, 'CR/8', '2', 'HEATHLAWNHOPE'),
(854, 14, 'CR/8', '3', 'STUNNINGWILLOW'),
(855, 14, 'CR/8', '4', 'BOOTSOFPRIDE'),
(856, 14, 'CR/8', '5', 'GENTLERYANO'),
(857, 14, 'CR/8', '6', 'GUARANTEDMASTER'),
(858, 14, 'CR/9', '1', 'TEDSPRINCE'),
(859, 14, 'CR/9', '2', 'TUCKERSDUKE'),
(860, 14, 'CR/9', '3', 'LORDSBURYDOLLY'),
(861, 14, 'CR/9', '4', 'HELLONAVIGATOR'),
(862, 14, 'CR/9', '5', 'GALTEEMARK'),
(863, 14, 'CR/9', '6', 'NEARTHEBOWERY'),
(864, 14, 'CR/10', '1', 'CODECASTLE'),
(865, 14, 'CR/10', '2', 'TENTREES'),
(866, 14, 'CR/10', '3', 'MRSOCKS'),
(867, 14, 'CR/10', '4', 'SALTYLILPOTATO'),
(868, 14, 'CR/10', '5', 'PURPLEPEARL'),
(869, 14, 'CR/10', '6', 'UNLEASHTHENIGHT'),
(870, 14, 'CR/11', '1', 'BLADERUNNER'),
(871, 14, 'CR/11', '2', 'TRAPSTYLEECLIPSE'),
(872, 14, 'CR/11', '3', 'GOODSNAPPER'),
(873, 14, 'CR/11', '4', 'SAMBASMILE'),
(874, 14, 'CR/11', '5', 'CASTLEHILLDINO'),
(875, 14, 'CR/11', '6', 'GLASMEENPARIS'),
(876, 14, 'CR/12', '1', 'RISINGBULLET'),
(877, 14, 'CR/12', '2', 'URNEYODDBALL'),
(878, 14, 'CR/12', '3', 'BOOMTOWNVIC'),
(879, 14, 'CR/12', '4', 'TOWNSENDREBEL'),
(880, 14, 'CR/12', '5', 'NORTHLANDMARIO'),
(881, 14, 'CR/12', '6', 'CLASSYBLAZE'),
(882, 14, 'CR/13', '1', 'FROSTYPRINCE'),
(883, 14, 'CR/13', '2', 'SUIRVIEWPETAL'),
(884, 14, 'CR/13', '3', 'ILEWINVVOTEVAH'),
(885, 14, 'CR/13', '4', 'FLUTTERBYERNIE'),
(886, 14, 'CR/13', '5', 'CONSEQUENCES'),
(887, 14, 'CR/13', '6', 'MIKEYJUNIOR'),
(888, 14, 'CR/14', '1', 'SHEDIDNTSEEIT'),
(889, 14, 'CR/14', '2', 'CROSSFIELDBOLT'),
(890, 14, 'CR/14', '3', 'QUIVERSCINDY'),
(891, 14, 'CR/14', '4', 'CASTLEBRIDEMAUD'),
(892, 14, 'CR/14', '5', 'GLENFINNLADY'),
(893, 14, 'CR/14', '6', 'STRIKER'),
(894, 15, 'RO/1', '1', 'KUMMELQUEEN'),
(895, 15, 'RO/1', '2', 'MISSCLAYHANGER'),
(896, 15, 'RO/1', '3', 'GEORGHIE'),
(897, 15, 'RO/1', '4', 'LYBESGLORIOUS'),
(898, 15, 'RO/1', '5', 'ANNIEJANE'),
(899, 15, 'RO/1', '6', 'RACENIGHTRALPH'),
(900, 15, 'RO/2', '1', 'MAXEDOUT'),
(901, 15, 'RO/2', '2', 'MILLMOUNTLACE'),
(902, 15, 'RO/2', '3', 'CATALINA'),
(903, 15, 'RO/2', '4', 'SISNEMISISGEOFF'),
(904, 15, 'RO/2', '5', 'MALIBUJULES'),
(905, 15, 'RO/2', '6', 'LIOSGARBHNADAL'),
(906, 15, 'RO/3', '1', 'BALLYMACGEMMA'),
(907, 15, 'RO/3', '2', 'UNDERGROUNDJUDY'),
(908, 15, 'RO/3', '3', 'BIGWOODBILLY'),
(909, 15, 'RO/3', '4', 'VIGILANTEMILY'),
(910, 15, 'RO/3', '5', 'MEMPHISANGEL'),
(911, 15, 'RO/3', '6', 'KNOCKALTONPRIDE'),
(912, 15, 'RO/4', '1', 'CORBYSFINEST'),
(913, 15, 'RO/4', '2', 'BORNABUG'),
(914, 15, 'RO/4', '3', 'RIGHTLYSO'),
(915, 15, 'RO/4', '4', 'HAPPYDAYSBOY'),
(916, 15, 'RO/4', '5', 'KINCORAPENSKE'),
(917, 15, 'RO/4', '6', 'MILLWARDSSIOUX'),
(918, 15, 'RO/5', '1', 'BILLHILLYFIZZ'),
(919, 15, 'RO/5', '2', 'FABULOUSOCTANE'),
(920, 15, 'RO/5', '3', 'EARLSSPARTAN'),
(921, 15, 'RO/5', '4', 'SPECIALBOY'),
(922, 15, 'RO/5', '5', 'WOODSIDESUAREZ'),
(923, 15, 'RO/5', '6', 'MILLROCKY'),
(924, 15, 'RO/6', '1', 'ARCHATONTREND'),
(925, 15, 'RO/6', '2', 'GENESISARTEMIS'),
(926, 15, 'RO/6', '3', 'TRIXIESSPARKY'),
(927, 15, 'RO/6', '4', 'GABLESTAR'),
(928, 15, 'RO/6', '5', 'ARDRAHANGIGI'),
(929, 15, 'RO/6', '6', 'BUBBLYMALDINI'),
(930, 15, 'RO/7', '1', 'DANIELSDREAM'),
(931, 15, 'RO/7', '2', 'ARTEMISCHARLES'),
(932, 15, 'RO/7', '3', 'BIGWOODTHOMAS'),
(933, 15, 'RO/7', '4', 'SAMSPEARL'),
(934, 15, 'RO/7', '5', 'LYBESSUPREME'),
(935, 15, 'RO/7', '6', 'AMYSWAY'),
(936, 15, 'RO/8', '1', 'RAGINGFREE'),
(937, 15, 'RO/8', '2', 'MARAZIONMAEVE'),
(938, 15, 'RO/8', '3', 'BUBBLYSPARKLE'),
(939, 15, 'RO/8', '4', 'RAREFYDEE'),
(940, 15, 'RO/8', '5', 'CRACKAWAYSKY'),
(941, 15, 'RO/8', '6', 'NEVERASKWHY'),
(942, 15, 'RO/9', '1', 'JACKSCHAMP'),
(943, 15, 'RO/9', '2', 'SHARONSALLSTAR'),
(944, 15, 'RO/9', '3', 'GILFORDJET'),
(945, 15, 'RO/9', '4', 'NOJOKERICHIE'),
(946, 15, 'RO/9', '5', 'UNDERGROUNDVADA'),
(947, 15, 'RO/9', '6', 'CITIZENTROUBLE'),
(948, 15, 'RO/10', '1', 'BONVILLEDUBH'),
(949, 15, 'RO/10', '2', 'SHARONSCRASH'),
(950, 15, 'RO/10', '3', 'CONFIDENTEMPIRE'),
(951, 15, 'RO/10', '4', 'COCKTAILQUEEN'),
(952, 15, 'RO/10', '5', 'BRIDGEPRINCESS'),
(953, 15, 'RO/10', '6', 'READSTOWNAMBER'),
(954, 15, 'RO/11', '1', 'CONSTANZA'),
(955, 15, 'RO/11', '2', 'AMAZINGJUNGLE'),
(956, 15, 'RO/11', '3', 'SUNVILLELILY'),
(957, 15, 'RO/11', '4', 'GLOWINGPEARL'),
(958, 15, 'RO/11', '5', 'TWILIGHTDIAMOND'),
(959, 15, 'RO/11', '6', 'TYLERSTIGER'),
(960, 15, 'RO/12', '1', 'ARCHERSBULLET'),
(961, 15, 'RO/12', '2', 'SPECIALGUVNA'),
(962, 15, 'RO/12', '3', 'SECONDSKIN'),
(963, 15, 'RO/12', '4', 'JAYTEESANTIAGO'),
(964, 15, 'RO/12', '5', 'MILLWARDSOZIL'),
(965, 15, 'RO/12', '6', 'BLACKTHORNBRAE'),
(966, 15, 'RO/13', '1', 'CONLIGMASTER'),
(967, 15, 'RO/13', '2', 'SAILAWAYSUSIE'),
(968, 15, 'RO/13', '3', 'STEADYEDDIE'),
(969, 15, 'RO/13', '4', 'ATHCLIATHSUZIE'),
(970, 15, 'RO/13', '5', 'PRIMEVERDEEN'),
(971, 15, 'RO/13', '6', 'PACEYGINA'),
(972, 15, 'RO/14', '1', 'NEWLAWNCROSS'),
(973, 15, 'RO/14', '2', 'BALLINCREAQUEEN'),
(974, 15, 'RO/14', '3', 'AFROACE'),
(975, 15, 'RO/14', '4', 'BEATABOUT'),
(976, 15, 'RO/14', '5', 'QUARTERLANDRUSO'),
(977, 15, 'RO/14', '6', 'GENTLELIA'),
(978, 16, 'PP/7', '1', 'PENCILPLEAT'),
(979, 16, 'PP/7', '2', 'EUBIEBLAKE'),
(980, 16, 'PP/7', '3', 'GODINO'),
(981, 16, 'PP/7', '4', 'COLUMBINEBEAUTY'),
(982, 16, 'PP/7', '5', 'CANDYFLOSS'),
(983, 16, 'PP/7', '6', 'KILKENNYKEN'),
(984, 16, 'PP/7', '7', 'FLATPACK'),
(985, 16, 'PP/7', '8', 'TYKES'),
(986, 16, 'PP/7', '9', 'BRAMPTONSTAR'),
(987, 16, 'PP/7', '10', 'JOHNNYROADSTER'),
(988, 16, 'PP/7', '11', 'MURKLEMIST'),
(989, 16, 'PP/7', '12', 'REBELCHASE'),
(990, 16, 'PP/7', '13', 'GRANITEGIANT'),
(991, 16, 'PP/8', '1', 'LEYBOURNESTAR'),
(992, 16, 'PP/8', '2', 'FAMOUSSONNET'),
(993, 16, 'PP/8', '3', 'BENSTREAK'),
(994, 16, 'PP/8', '4', 'PHOTOBOX'),
(995, 16, 'PP/8', '5', 'DUCKWEED'),
(996, 16, 'PP/8', '6', 'SEMINOLEBAT'),
(997, 16, 'PP/8', '7', 'PASTORALPATRON'),
(998, 16, 'PP/8', '8', 'CHIPCAPECOD'),
(999, 16, 'PP/8', '9', 'LUCYZULU'),
(1000, 16, 'PP/8', '10', 'MINSTERMEN'),
(1001, 16, 'PP/8', '11', 'SIDTHECENTAUR'),
(1002, 17, 'SD/7', '1', 'ITSBOURNEMOUTH'),
(1003, 17, 'SD/7', '2', 'WYKERIDGE'),
(1004, 17, 'SD/7', '3', 'BENTCRACKERS'),
(1005, 17, 'SD/7', '4', 'SAMADAGEM'),
(1006, 17, 'SD/7', '5', 'MAYUNHAZE'),
(1007, 17, 'SD/7', '6', 'MYCHUDLEIGH'),
(1008, 17, 'SD/7', '7', 'CASCADES'),
(1009, 17, 'SD/7', '8', 'BELLENDEN');

-- --------------------------------------------------------

--
-- Table structure for table `resultdetails`
--

CREATE TABLE IF NOT EXISTS `resultdetails` (
  `ResultDetails_ID` int(11) NOT NULL AUTO_INCREMENT,
  `result_ID` int(11) NOT NULL DEFAULT '0',
  `ResultDetails_result` varchar(100) NOT NULL DEFAULT '',
  `ResultDetails_HorseName` varchar(100) NOT NULL DEFAULT '',
  `ResultDetails_Win` varchar(100) NOT NULL DEFAULT '',
  `ResultDetails_Place` varchar(100) NOT NULL DEFAULT '',
  PRIMARY KEY (`ResultDetails_ID`)
) ENGINE=MyISAM  DEFAULT CHARSET=latin1 AUTO_INCREMENT=262 ;

--
-- Dumping data for table `resultdetails`
--

INSERT INTO `resultdetails` (`ResultDetails_ID`, `result_ID`, `ResultDetails_result`, `ResultDetails_HorseName`, `ResultDetails_Win`, `ResultDetails_Place`) VALUES
(1, 1, 'Win (1)', 'MUSTAJEER', '80', '24'),
(2, 1, 'Second (2)', 'LINGUISTIC', '0', '11'),
(3, 1, 'Third (3)', 'MENGLIKHAN', '0', '24'),
(4, 2, 'Win (1)', 'BATHOS', '30', '14'),
(5, 2, 'Second (2)', 'SOUTHDOWNLAD', '0', '30'),
(6, 2, 'Third (3)', 'BONNIEBAIRD', '0', '42'),
(7, 3, 'Win (1)', 'GOLDENAMBER', '80', '27.5'),
(8, 3, 'Second (2)', 'LINKSDRIVELADY', '0', '40'),
(9, 3, 'Third (3)', 'ISEEMIST', '0', '45'),
(10, 4, 'Win (1)', 'SANUSPERAQUAM', '30', '15'),
(11, 4, 'Second (2)', 'TASLEET', '0', '19'),
(12, 4, 'Non Runner', 'ORVAR', '10', '10'),
(13, 4, 'Non Runner', 'ROULEAU', '10', '10'),
(14, 4, 'Non Runner', 'STEADYPACE', '10', '10'),
(15, 5, 'Win (1)', 'FLYINGOFFICER', '17', '11'),
(16, 5, 'Second (2)', 'ANGELGABRIAL', '0', '34'),
(17, 5, 'Third (3)', 'GALEFORCE', '0', '19'),
(18, 5, 'Non Runner', 'HAVANABEAT', '10', '10'),
(19, 6, 'Win (1)', 'RARERHYTHM', '50', '18'),
(20, 6, 'Second (2)', 'NOTNEVER', '0', '19'),
(21, 6, 'Third (3)', 'PETERHOF', '0', '17'),
(22, 7, 'Win (1)', 'SECRETART', '110', '30'),
(23, 7, 'Second (2)', 'ANSAAB', '0', '17'),
(24, 7, 'Third (3)', 'UPINLIGHTS', '0', '14'),
(25, 7, 'Non Runner', 'HESNOSAINT', '10', '10'),
(26, 7, 'Non Runner', 'THEMANDUS', '10', '10'),
(27, 8, 'Win (1)', 'GOLDENJUBILEE', '90', '30'),
(28, 8, 'Second (2)', 'COMPTONBIRD', '0', '21'),
(29, 9, 'Win (1)', 'WHERESTIGER', '210', '50'),
(30, 9, 'Second (2)', 'VANCOUVER1TE', '0', '11'),
(31, 9, 'Third (3)', 'FREDERICCHOPIN', '0', '30'),
(32, 9, 'Non Runner', 'IFFJACK', '10', '10'),
(33, 10, 'Win (1)', 'TRADEWINDS', '40', '17.5'),
(34, 10, 'Second (2)', 'MUSTADRIK', '0', '50'),
(35, 10, 'Non Runner', 'ISLAPEARLFISHER', '10', '10'),
(36, 11, 'Win (1)', 'CYRUSDARIUS', '12', '10'),
(37, 11, 'Second (2)', 'SHADOWCATCHER', '0', '10'),
(38, 11, 'Third (3)', 'THESCOURGE', '0', '10'),
(39, 11, 'Non Runner', 'KNIGHTSPARADE', '10', '10'),
(40, 11, 'Non Runner', 'STREETENTERTAINER', '10', '10'),
(41, 12, 'Win (1)', 'JOHNNYGO', '50', '20'),
(42, 12, 'Second (2)', 'SOLWAYPRINCE', '0', '20'),
(43, 12, 'Non Runner', 'MISSDINAMIC', '10', '10'),
(45, 13, 'Win (1)', 'JETMASTER', '130', '34'),
(46, 13, 'Second (2)', 'JACKSTEEL', '0', '17'),
(47, 13, 'Third (3)', 'SWORDOFTHELORD', '0', '19'),
(48, 13, 'Non Runner', 'SEEYOUALLINCOPPERS', '10', '10'),
(49, 13, 'Non Runner', 'ITSALLANACT', '10', '10'),
(50, 13, 'Non Runner', 'ISLANDVILLA', '10', '10'),
(51, 14, 'Win (1)', 'WESTEND', '60', '22.5'),
(52, 14, 'Second (2)', 'GLEANNNANDOCHAIS', '0', '17'),
(53, 14, 'Non Runner', 'BOUGGIETOPIECES', '10', '10'),
(54, 15, 'Win (1)', 'FAGAN', '24', '13'),
(55, 15, 'Second (2)', 'CELTICFLAMES', '0', '27'),
(56, 15, 'Third (3)', 'BALLINVEGGA', '0', '54'),
(57, 16, 'Win (1)', 'YORKEEMOSABEE', '20', '12'),
(58, 16, 'Second (2)', 'WILDEEXTRAVAGANCE', '0', '26'),
(59, 16, 'Third (3)', 'FINEEXAMPLE', '0', '60'),
(60, 17, 'Win (1)', 'EASYCODE', '32.5', '14.5'),
(61, 17, 'Second (2)', 'HAPPYCALL', '0', '14'),
(62, 17, 'Third (3)', 'EXPLOSIVEPOWER', '0', '17'),
(63, 18, 'Win (1)', 'RIOCA', '24', '13'),
(64, 18, 'Second (2)', 'PERU', '0', '17'),
(65, 18, 'Third (3)', 'MISEENROSE', '0', '24'),
(66, 18, 'Non Runner', 'MAULESDENMAY', '10', '10'),
(67, 18, 'Non Runner', 'TOBOGGANSFIRE', '10', '10'),
(68, 19, 'Win (1)', 'JOHNNYCAVAGIN', '260', '72.5'),
(69, 19, 'Second (2)', 'JANVANHOOF', '0', '19'),
(70, 19, 'Third (3)', 'NEWBIDDER', '0', '20'),
(71, 19, 'Fourth (4)', 'FELIXLEITER', '0', '27.5'),
(72, 19, 'Non Runner', 'COMPTONPARK', '10', '10'),
(73, 20, 'Win (1)', 'THISISTHEDAY', '45', '19'),
(74, 20, 'Second (2)', 'SILVERYMOON', '0', '27.5'),
(75, 21, 'Win (1)', 'PERCYSTREET', '90', '26'),
(76, 21, 'Second (2)', 'DOTGREEN', '0', '142'),
(77, 21, 'Third (3)', 'AMBERMYSTIQUE', '0', '17'),
(78, 21, 'Non Runner', 'ABSOLUTEZERO', '10', '10'),
(79, 22, 'Win (1)', 'SOULBROTHER', '170', '42'),
(80, 22, 'Second (2)', 'IMPERIALLEGEND', '0', '21'),
(81, 22, 'Third (3)', 'THATCHERITE', '0', '28'),
(82, 22, 'Non Runner', 'RASHASH', '10', '10'),
(83, 22, 'Non Runner', 'TYFOS', '10', '10'),
(84, 22, 'Non Runner', 'RUBYSDAY', '10', '10'),
(85, 23, 'Win (1)', 'CARDHIGH', '100', '28'),
(86, 23, 'Second (2)', 'SWIFTCEDAR', '0', '26'),
(87, 23, 'Third (3)', 'SYNCOPATE', '0', '25'),
(88, 24, 'Win (1)', 'HIDEYOURFIRES', '260', '60'),
(89, 24, 'Second (2)', 'IFWINTERCOMES', '0', '14.5'),
(90, 24, 'Third (3)', 'LITTLESWIFT', '0', '13'),
(91, 24, 'Non Runner', 'CLODIANNA', '10', '10'),
(92, 24, 'Non Runner', 'LILYASH', '10', '10'),
(93, 25, 'Win (1)', 'SPENNITHORNE', '22.5', '12.5'),
(94, 25, 'Second (2)', 'LADYNAYEF', '0', '42'),
(95, 25, 'Third (3)', 'COSMOPOLITANGIRL', '0', '26'),
(96, 25, 'Non Runner', 'ARCHIMEDES', '10', '10'),
(97, 25, 'Non Runner', 'WEDGE', '10', '10'),
(98, 26, 'Win (1)', 'MANOLITO', '50', '18'),
(99, 26, 'Second (2)', 'DARKAVENGER', '0', '28'),
(100, 26, 'Third (3)', 'ENRICHING', '0', '60'),
(101, 27, 'Win (1)', 'CLARY', '43', '17'),
(102, 27, 'Second (2)', 'MRSOPRANO', '0', '16'),
(103, 27, 'Third (3)', 'BAILEYSENPREMIER', '0', '22'),
(104, 28, 'Win (1)', 'DOMINIUM', '45', '17'),
(105, 28, 'Second (2)', 'MILADY', '0', '20'),
(106, 28, 'Third (3)', 'SWISSCROSS', '0', '26'),
(107, 28, 'Non Runner', 'GREYFRIARSCHORISTA', '10', '10'),
(108, 28, 'Non Runner', 'ELEUSIS', '10', '10'),
(109, 28, 'Non Runner', 'EFFUSIVE', '10', '10'),
(110, 29, 'Win (1)', 'THEDUKKERER', '80', '27.5'),
(111, 29, 'Second (2)', 'JERSEYCREAM', '0', '72.5'),
(112, 29, 'Third (3)', 'INTRIGUE', '0', '13'),
(113, 29, 'Non Runner', 'MOVIEMAGIC', '10', '10'),
(114, 30, 'Win (1)', 'COMPASSHILL', '37.5', '15.5'),
(115, 30, 'Second (2)', 'FALCAO', '0', '15.5'),
(116, 30, 'Third (3)', 'CHAPTERONE', '0', '22'),
(117, 31, 'Win (1)', 'APACHEGOLD', '70', '22'),
(118, 31, 'Second (2)', 'ECOEYE', '0', '38'),
(119, 31, 'Third (3)', 'SHANGHAIBEAUTY', '0', '18'),
(120, 31, 'Non Runner', 'OORJOCK', '10', '10'),
(121, 32, 'Win (1)', 'ENTERTHERED', '55', '19'),
(122, 32, 'Second (2)', 'ZAINDERA', '0', '38'),
(123, 32, 'Third (3)', 'LONGFIELDLAD', '0', '30'),
(124, 33, 'Win (1)', 'QUEENBLOSSOM', '170', '42'),
(125, 33, 'Second (2)', 'FOOTBRIDGE', '0', '13'),
(126, 33, 'Third (3)', 'VERBOSITY', '0', '19'),
(127, 34, 'Win (1)', 'NIVEN', '70', '25'),
(128, 34, 'Second (2)', 'SMILINGEMILY', '0', '92.5'),
(129, 34, 'Third (3)', 'LATENDRESSE', '0', '40'),
(130, 34, 'Fourth (4)', 'ZIGZAG', '0', '37.5'),
(131, 34, 'Non Runner', 'SUPERBOWL', '10', '10'),
(132, 34, 'Non Runner', 'TEXASRADIO', '10', '10'),
(133, 35, 'Win (1)', 'AKIRA', '25', '10'),
(134, 35, 'Second (2)', 'COLOURBLUE', '0', '10'),
(135, 35, 'Third (3)', 'TAMADHOR', '0', '10'),
(136, 36, 'Win (1)', 'AVENANTE', '35', '15'),
(137, 36, 'Second (2)', 'MELANNA', '0', '50'),
(138, 36, 'Third (3)', 'CHINESELIGHT', '0', '30'),
(139, 36, 'Non Runner', 'SECUNDOSOUT', '10', '10'),
(140, 37, 'Win (1)', 'DELAVERE', '0', '0'),
(141, 37, 'Second (2)', 'ROVINGJET', '0', '0'),
(142, 37, 'Third (3)', 'WILLIAMNICOL', '0', '0'),
(143, 37, 'Non Runner', 'KINGOFCLOTH', '10', '10'),
(144, 37, 'Non Runner', 'MASTERDUKE', '10', '10'),
(145, 38, 'Win (1)', 'CELINE', '47.5', '19'),
(146, 38, 'Second (2)', 'BRIGHTBRONTE', '0', '32.5'),
(147, 38, 'Third (3)', 'LADIGUE', '0', '21'),
(148, 38, 'Non Runner', 'SHEIKSDIAMOND', '10', '10'),
(149, 38, 'Non Runner', 'GOLDSHADES', '10', '10'),
(150, 38, 'Non Runner', 'SOFTSAND', '10', '10'),
(151, 38, 'Non Runner', 'INKOLO', '10', '10'),
(152, 39, 'Win (1)', 'ARKANSAS', '85', '29'),
(153, 39, 'Second (2)', 'CASHMEREKID', '0', '45'),
(154, 39, 'Third (3)', 'GOLDSTATUS', '0', '30'),
(155, 39, 'Non Runner', 'DEMOSTHENES', '10', '10'),
(156, 39, 'Non Runner', 'HEISMAGIC', '10', '10'),
(157, 39, 'Non Runner', 'FEARNOTHING', '10', '10'),
(158, 40, 'Win (1)', 'KAPELLMEISTER', '100', '28'),
(159, 40, 'Second (2)', 'FINCHATTON', '0', '13'),
(160, 40, 'Third (3)', 'VULCAN', '0', '25'),
(161, 41, 'Win (1)', 'COSMICTOM', '40', '16'),
(162, 41, 'Second (2)', 'BARDOTACCENT', '0', '21'),
(163, 41, 'Third (3)', 'BAH', '0', '17'),
(164, 41, 'Non Runner', 'HIGHGAME', '10', '10'),
(165, 42, 'Win (1)', 'SANDSOFTIME', '90', '26'),
(166, 42, 'Second (2)', 'OBRIENTHELION', '0', '110'),
(167, 42, 'Third (3)', 'REVELATION', '0', '23'),
(168, 42, 'Non Runner', 'BORDERHOPPER', '10', '10'),
(169, 43, 'Win (1)', 'NEVERSAYNEVER', '0', '0'),
(170, 43, 'Second (2)', 'REDRUBIN', '0', '0'),
(171, 43, 'Third (3)', 'SCATENATA', '0', '0'),
(172, 43, 'Non Runner', 'KENDANNEMARIE', '10', '10'),
(173, 43, 'Non Runner', 'ZAHRAMEL', '10', '10'),
(174, 44, 'Win (1)', 'SUSSUDIO', '65', '21'),
(175, 44, 'Second (2)', 'DONBOSCO', '0', '15.5'),
(176, 44, 'Third (3)', 'RAVENRIDGE', '0', '28'),
(177, 45, 'Win (1)', 'KEYTOFUN', '90', '26'),
(178, 45, 'Second (2)', 'MURILLO', '0', '23'),
(179, 45, 'Third (3)', 'LESCRIBE', '0', '18'),
(180, 45, 'Non Runner', 'STORMMAN', '10', '10'),
(181, 46, 'Win (1)', 'WINTERMAGIC', '37.5', '17'),
(182, 46, 'Second (2)', 'NAABAHA', '0', '32.5'),
(183, 46, 'Third (3)', 'NABUNGA', '0', '35'),
(184, 46, 'Fourth (4)', 'WHOOLAHRA', '0', '60'),
(185, 47, 'Win (1)', 'COLUMBINEBEAUTY', '100', '32.5'),
(186, 47, 'Second (2)', 'JOHNNYROADSTER', '0', '30'),
(187, 47, 'Third (3)', 'GODINO', '0', '60'),
(188, 48, 'Win (1)', 'KUMMELQUEEN', '45', '19'),
(189, 48, 'Second (2)', 'RACENIGHTRALPH', '0', '25'),
(190, 49, 'Win (1)', 'LIOSGARBHNADAL', '55', '21'),
(191, 49, 'Second (2)', 'MAXEDOUT', '0', '15'),
(192, 50, 'Win (1)', 'MEMPHISANGEL', '35', '16'),
(193, 50, 'Second (2)', 'VIGILANTEMILY', '0', '17.5'),
(194, 51, 'Win (1)', 'MILLWARDSSIOUX', '30', '15'),
(195, 51, 'Second (2)', 'CORBYSFINEST', '0', '20'),
(196, 52, 'Win (1)', 'BILLHILLYFIZZ', '50', '20'),
(197, 52, 'Second (2)', 'MILLROCKY', '0', '16'),
(198, 53, 'Win (1)', 'BUBBLYMALDINI', '45', '19'),
(199, 53, 'Second (2)', 'GENESISARTEMIS', '0', '30'),
(200, 54, 'Win (1)', 'AMYSWAY', '37.5', '17'),
(201, 54, 'Second (2)', 'BIGWOODTHOMAS', '0', '19'),
(202, 55, 'Win (1)', 'MARAZIONMAEVE', '50', '20'),
(203, 55, 'Second (2)', 'NEVERASKWHY', '0', '17.5'),
(204, 56, 'Win (1)', 'JACKSCHAMP', '30', '15'),
(205, 56, 'Second (2)', 'UNDERGROUNDVADA', '0', '30'),
(206, 57, 'Win (1)', 'BONVILLEDUBH', '30', '15'),
(207, 57, 'Second (2)', 'SHARONSCRASH', '0', '17.5'),
(208, 58, 'Win (1)', 'TYLERSTIGER', '70', '25'),
(209, 58, 'Second (2)', 'AMAZINGJUNGLE', '0', '16'),
(210, 59, 'Win (1)', 'ARCHERSBULLET', '60', '22.5'),
(211, 59, 'Second (2)', 'SPECIALGUVNA', '0', '16'),
(212, 60, 'Win (1)', 'STEADYEDDIE', '55', '21'),
(213, 60, 'Second (2)', 'SAILAWAYSUSIE', '0', '27.5'),
(214, 61, 'Win (1)', 'NEWLAWNCROSS', '40', '17.5'),
(215, 61, 'Second (2)', 'BALLINCREAQUEEN', '0', '19'),
(216, 62, 'Win (1)', 'SPORTINGENDA', '60', '22.5'),
(217, 62, 'Second (2)', 'AFFANESOLDIER', '0', '22.5'),
(218, 63, 'Win (1)', 'CLONGEELSWORD', '30', '15'),
(219, 63, 'Second (2)', 'TRUMPERSDOBBY', '0', '20'),
(220, 64, 'Win (1)', 'FAWNGENE', '40', '17.5'),
(221, 64, 'Second (2)', 'GUNNERGEORGE', '0', '17.5'),
(222, 65, 'Win (1)', 'COPPERFELLS', '60', '22.5'),
(223, 65, 'Second (2)', 'GRINGOSMAESTRO', '0', '17.5'),
(224, 66, 'Win (1)', 'SHOEMAKERSJACK', '35', '16'),
(225, 66, 'Second (2)', 'WESSIEBEAUTY', '0', '20'),
(226, 67, 'Win (1)', 'DARKCATVADAR', '40', '17.5'),
(227, 67, 'Second (2)', 'ALTAMOUNTKATE', '0', '20'),
(228, 68, 'Win (1)', 'PURAVIDA', '50', '20'),
(229, 68, 'Second (2)', 'BAILEPHOILLASS', '0', '16'),
(230, 69, 'Win (1)', 'GENTLERYANO', '50', '20'),
(231, 69, 'Second (2)', 'GUARANTEDMASTER', '0', '16'),
(232, 70, 'Win (1)', 'LORDSBURYDOLLY', '45', '19'),
(233, 70, 'Second (2)', 'GALTEEMARK', '0', '16'),
(234, 71, 'Win (1)', 'UNLEASHTHENIGHT', '40', '17.5'),
(235, 71, 'Second (2)', 'SALTYLILPOTATO', '0', '16'),
(236, 72, 'Win (1)', 'CASTLEHILLDINO', '35', '16'),
(237, 72, 'Second (2)', 'GOODSNAPPER', '0', '22.5'),
(238, 73, 'Win (1)', 'NORTHLANDMARIO', '40', '17.5'),
(239, 73, 'Second (2)', 'URNEYODDBALL', '0', '22.5'),
(240, 74, 'Win (1)', 'FROSTYPRINCE', '45', '19'),
(241, 74, 'Second (2)', 'SUIRVIEWPETAL', '0', '17.5'),
(242, 75, 'Win (1)', 'QUIVERSCINDY', '45', '19'),
(243, 75, 'Second (2)', 'CASTLEBRIDEMAUD', '0', '22.5'),
(244, 76, 'Win (1)', 'PASTORALPATRON', '50', '18'),
(245, 76, 'Second (2)', 'CHIPCAPECOD', '0', '28'),
(246, 76, 'Third (3)', 'LEYBOURNESTAR', '0', '66'),
(247, 77, 'Win (1)', 'PETRUCCI', '70', '22'),
(248, 77, 'Second (2)', 'TARTOOR', '0', '18'),
(249, 77, 'Third (3)', 'NAFLA', '0', '50'),
(250, 78, 'Win (1)', 'SHIFTINGMOON', '26', '13'),
(251, 78, 'Second (2)', 'LAFRITILLAIRE', '0', '30'),
(252, 78, 'Third (3)', 'TAFOLAU', '0', '22'),
(253, 79, 'Win (1)', 'MYCHUDLEIGH', '110', '30'),
(254, 79, 'Second (2)', 'BENTCRACKERS', '0', '19'),
(255, 79, 'Third (3)', 'WYKERIDGE', '0', '23'),
(256, 80, 'Win (1)', 'CEREALCURB', '75', '26'),
(257, 80, 'Second (2)', 'FOOTDOWN', '0', '50'),
(258, 80, 'Third (3)', 'LINEEMUP', '0', '72.5'),
(259, 81, 'Win (1)', 'JETWASH', '150', '38'),
(260, 81, 'Second (2)', 'PURITANTOAST', '0', '28'),
(261, 81, 'Third (3)', 'QUIETVOICE', '0', '54');

-- --------------------------------------------------------

--
-- Table structure for table `results`
--

CREATE TABLE IF NOT EXISTS `results` (
  `result_ID` int(11) NOT NULL AUTO_INCREMENT,
  `pora` varchar(100) NOT NULL DEFAULT '',
  PRIMARY KEY (`result_ID`)
) ENGINE=MyISAM  DEFAULT CHARSET=latin1 AUTO_INCREMENT=82 ;

--
-- Dumping data for table `results`
--

INSERT INTO `results` (`result_ID`, `pora`) VALUES
(1, 'NM/1'),
(2, 'NM/2'),
(3, 'NM/3'),
(4, 'NM/4'),
(5, 'NM/5'),
(6, 'NM/6'),
(7, 'NM/7'),
(8, 'NM/8'),
(9, 'PE/1'),
(10, 'PE/2'),
(11, 'PE/3'),
(12, 'PE/4'),
(13, 'PE/5'),
(14, 'PE/6'),
(15, 'PE/7'),
(16, 'PO/1'),
(17, 'PO/2'),
(18, 'PO/3'),
(19, 'PO/4'),
(20, 'PO/5'),
(21, 'PO/6'),
(22, 'PO/7'),
(23, 'PO/8'),
(24, 'CC/1'),
(25, 'CC/2'),
(26, 'CC/3'),
(27, 'CC/4'),
(28, 'CC/5'),
(29, 'CC/6'),
(30, 'CK/1'),
(31, 'CK/2'),
(32, 'CK/3'),
(33, 'CK/4'),
(34, 'CK/5'),
(35, 'CK/6'),
(36, 'CK/7'),
(37, 'VA/5'),
(38, 'VA/6'),
(39, 'VA/7'),
(40, 'VA/8'),
(41, 'VA/9'),
(42, 'VA/10'),
(43, 'ML/5'),
(44, 'ML/6'),
(45, 'ML/7'),
(46, 'ML/8'),
(47, 'PP/7'),
(48, 'RO/1'),
(49, 'RO/2'),
(50, 'RO/3'),
(51, 'RO/4'),
(52, 'RO/5'),
(53, 'RO/6'),
(54, 'RO/7'),
(55, 'RO/8'),
(56, 'RO/9'),
(57, 'RO/10'),
(58, 'RO/11'),
(59, 'RO/12'),
(60, 'RO/13'),
(61, 'RO/14'),
(62, 'CR/1'),
(63, 'CR/2'),
(64, 'CR/3'),
(65, 'CR/4'),
(66, 'CR/5'),
(67, 'CR/6'),
(68, 'CR/7'),
(69, 'CR/8'),
(70, 'CR/9'),
(71, 'CR/10'),
(72, 'CR/11'),
(73, 'CR/12'),
(74, 'CR/13'),
(75, 'CR/14'),
(76, 'PP/8'),
(77, 'CC/7'),
(78, 'CC/8'),
(79, 'SD/7'),
(80, 'SV/6'),
(81, 'SV/7');

-- --------------------------------------------------------

--
-- Table structure for table `sheetdetails`
--

CREATE TABLE IF NOT EXISTS `sheetdetails` (
  `sheetDetails_ID` int(11) NOT NULL AUTO_INCREMENT,
  `sheetDetails_Date` varchar(100) NOT NULL DEFAULT '',
  `center_ID` varchar(100) NOT NULL DEFAULT '',
  `sheetDetails_FC` double NOT NULL DEFAULT '0',
  `sheetDetails_Cash` double NOT NULL DEFAULT '0',
  `sheetDetails_Excess` double NOT NULL DEFAULT '0',
  `sheetDetails_PD` double NOT NULL DEFAULT '0',
  PRIMARY KEY (`sheetDetails_ID`)
) ENGINE=MyISAM  DEFAULT CHARSET=latin1 AUTO_INCREMENT=62 ;

--
-- Dumping data for table `sheetdetails`
--

INSERT INTO `sheetdetails` (`sheetDetails_ID`, `sheetDetails_Date`, `center_ID`, `sheetDetails_FC`, `sheetDetails_Cash`, `sheetDetails_Excess`, `sheetDetails_PD`) VALUES
(61, '2015/09/24', '66', 4820, 4500, 438, 0),
(60, '2015/09/24', '1', 2225, 1775, 0, 0),
(59, '2015/09/24', '77', 2312, 3000, 0, 0),
(58, '2015/09/24', '82', 855, 855, 0, 0),
(57, '2015/09/24', '76', 2320, 2500, 0, 0),
(56, '2015/09/24', '79', 11787, 10100, 104, 0),
(55, '2015/09/24', '2', 2650, 4200, 0, 1948),
(54, '2015/09/24', '100', 3355, 3350, 501, 0),
(53, '2015/09/24', '70', 9100, 7450, 12, 0);

-- --------------------------------------------------------

--
-- Table structure for table `singles`
--

CREATE TABLE IF NOT EXISTS `singles` (
  `chitRegistration_ID` int(11) NOT NULL DEFAULT '0',
  `singles_ItemID` varchar(100) NOT NULL DEFAULT '',
  `singles_To` varchar(100) NOT NULL DEFAULT '',
  `singles_For` varchar(100) NOT NULL DEFAULT '',
  `singles_Amount` varchar(100) NOT NULL DEFAULT '',
  `singles_Value` varchar(100) NOT NULL DEFAULT '',
  `singles_Type` varchar(100) NOT NULL DEFAULT ''
) ENGINE=MyISAM DEFAULT CHARSET=latin1;

--
-- Dumping data for table `singles`
--

INSERT INTO `singles` (`chitRegistration_ID`, `singles_ItemID`, `singles_To`, `singles_For`, `singles_Amount`, `singles_Value`, `singles_Type`) VALUES
(1, '1', '1', '0', '200', '200', 'W'),
(1, '2', '2', '0', '200', '200', 'W'),
(1, '3', '3', '0', '200', '200', 'W'),
(2, '4', '1', '0', '100', '100', 'W'),
(2, '5', '2', '0', '100', '100', 'W'),
(2, '6', '3', '0', '100', '100', 'W'),
(3, '7', '1', '0', '100', '100', 'W'),
(3, '8', '2', '0', '100', '100', 'W'),
(3, '9', '3', '0', '100', '100', 'W'),
(3, '10', '4', '0', '100', '100', 'W'),
(3, '11', '5', '0', '100', '100', 'W'),
(3, '12', '6', '0', '100', '100', 'W'),
(4, '13', '1', '0', '100', '100', 'W'),
(4, '14', '2', '0', '100', '100', 'W'),
(4, '15', '3', '0', '100', '100', 'W'),
(6, '16', '5', '0', '100', '100', 'W'),
(8, '21', '1', '0', '200', '200', 'W'),
(8, '22', '2', '0', '200', '200', 'W'),
(8, '23', '3', '0', '200', '200', 'W'),
(8, '24', '4', '0', '200', '200', 'W'),
(9, '25', '1', '0', '20', '20', 'W'),
(9, '26', '2', '0', '20', '20', 'W'),
(9, '27', '3', '0', '20', '20', 'W'),
(9, '28', '4', '0', '20', '20', 'W'),
(16, '1', '1', '0', '10', '10', 'W'),
(16, '2', '2', '0', '10', '10', 'W'),
(16, '3', '3', '0', '10', '10', 'W'),
(17, '4', '1', '0', '10', '10', 'W'),
(17, '5', '2', '0', '10', '10', 'W'),
(17, '6', '3', '0', '10', '10', 'W'),
(17, '7', '4', '0', '10', '10', 'W'),
(17, '8', '5', '0', '10', '10', 'W'),
(34, '1', '2', '0', '100', '100', 'W'),
(48, '2', '1', '0', '100', '100', 'W'),
(48, '3', '2', '0', '100', '100', 'W'),
(48, '4', '3', '0', '100', '100', 'W'),
(73, '1', '1', '0', '50', '50', 'W'),
(73, '2', '2', '0', '50', '50', 'W'),
(73, '3', '3', '0', '50', '50', 'W'),
(74, '4', '1', '0', '50', '50', 'W'),
(74, '5', '2', '0', '50', '50', 'W'),
(74, '6', '3', '0', '50', '50', 'W'),
(79, '7', '1', '0', '10', '10', 'W'),
(79, '8', '2', '0', '10', '10', 'W'),
(79, '9', '3', '0', '10', '10', 'W'),
(79, '10', '4', '0', '10', '10', 'W'),
(81, '11', '1', '0', '25', '25', 'W'),
(81, '12', '2', '0', '25', '25', 'W'),
(81, '13', '3', '0', '25', '25', 'W'),
(82, '14', '1', '0', '100', '100', 'W'),
(89, '15', '1', '0', '90', '90', 'W'),
(90, '16', '1', '0', '30', '30', 'W'),
(90, '17', '2', '0', '30', '30', 'W'),
(90, '18', '3', '0', '30', '30', 'W'),
(93, '19', '1', '0', '15', '15', 'W'),
(93, '20', '2', '0', '15', '15', 'W'),
(93, '21', '3', '0', '15', '15', 'W'),
(94, '22', '1', '0', '30', '30', 'W'),
(94, '23', '2', '0', '30', '30', 'W'),
(94, '24', '3', '0', '30', '30', 'W'),
(96, '1', '1', '0', '50', '50', 'W'),
(96, '2', '2', '0', '50', '50', 'W'),
(96, '3', '3', '0', '50', '50', 'W'),
(97, '4', '1', '0', '100', '100', 'W'),
(97, '5', '2', '0', '100', '100', 'W'),
(97, '6', '3', '0', '100', '100', 'W'),
(97, '7', '4', '0', '100', '100', 'W'),
(103, '8', '1', '0', '5', '5', 'W'),
(103, '9', '2', '0', '5', '5', 'W'),
(103, '10', '3', '0', '5', '5', 'W'),
(103, '11', '4', '0', '5', '5', 'W'),
(107, '12', '1', '0', '50', '50', 'W'),
(107, '13', '2', '0', '50', '50', 'W'),
(107, '14', '3', '0', '50', '50', 'W'),
(107, '15', '4', '0', '50', '50', 'W'),
(109, '16', '1', '0', '50', '50', 'W'),
(109, '17', '1', '0', '50', '50', 'P');

-- --------------------------------------------------------

--
-- Table structure for table `tribles`
--

CREATE TABLE IF NOT EXISTS `tribles` (
  `chitRegistration_ID` int(11) NOT NULL DEFAULT '0',
  `tribles_ItemID` varchar(100) NOT NULL DEFAULT '',
  `tribles_To` varchar(100) NOT NULL DEFAULT '',
  `tribles_For` varchar(100) NOT NULL DEFAULT '',
  `tribles_Amount` varchar(100) NOT NULL DEFAULT '',
  `tribles_Value` varchar(100) NOT NULL DEFAULT '',
  `tribles_Type` varchar(100) NOT NULL DEFAULT ''
) ENGINE=MyISAM DEFAULT CHARSET=latin1;

--
-- Dumping data for table `tribles`
--

INSERT INTO `tribles` (`chitRegistration_ID`, `tribles_ItemID`, `tribles_To`, `tribles_For`, `tribles_Amount`, `tribles_Value`, `tribles_Type`) VALUES
(2, '1', '1', '3', '50', '50.0', 'W'),
(3, '2', '1', '5', '30', '300.0', 'W'),
(4, '3', '1', '3', '50', '50.0', 'W'),
(5, '4', '1', '5', '10', '100.0', 'W'),
(6, '5', '1', '5', '10', '100.0', 'W'),
(7, '6', '1', '4', '20', '80.0', 'W'),
(8, '7', '1', '4', '90', '360.0', 'W'),
(9, '8', '1', '4', '10', '40.0', 'W'),
(11, '9', '1', '4', '20', '80.0', 'W'),
(12, '10', '1', '5', '50', '500.0', 'W'),
(14, '1', '1', '3', '10', '10.0', 'W'),
(15, '2', '1', '4', '10', '40.0', 'W'),
(19, '3', '1', '4', '10', '40.0', 'W'),
(20, '4', '1', '5', '5', '50.0', 'W'),
(21, '6', '1', '5', '5', '50.0', 'W'),
(22, '7', '1', '5', '5', '50.0', 'W'),
(24, '8', '1', '4', '50', '200.0', 'W'),
(28, '1', '1', '11', '5', '825.0', 'W'),
(29, '2', '1', '4', '10', '40.0', 'W'),
(29, '3', '5', '7', '10', '10.0', 'W'),
(30, '4', '1', '6', '10', '200.0', 'W'),
(31, '5', '1', '4', '50', '200.0', 'W'),
(36, '6', '1', '4', '10', '40.0', 'W'),
(36, '7', '5', '8', '10', '40.0', 'W'),
(37, '8', '1', '4', '10', '40.0', 'W'),
(37, '9', '5', '8', '10', '40.0', 'W'),
(37, '10', '1', '8', '2', '112.0', 'W'),
(38, '11', '1', '4', '10', '40.0', 'W'),
(38, '12', '5', '8', '10', '40.0', 'W'),
(39, '13', '1', '4', '10', '40.0', 'W'),
(39, '14', '1', '7', '3', '105.0', 'W'),
(42, '15', '1', '5', '20', '200.0', 'W'),
(43, '16', '1', '3', '50', '50.0', 'W'),
(44, '17', '1', '4', '40', '160.0', 'W'),
(45, '18', '1', '4', '10', '40.0', 'W'),
(49, '19', '1', '4', '50', '200.0', 'W'),
(54, '1', '1', '4', '20', '80.0', 'W'),
(57, '2', '1', '4', '10', '40.0', 'W'),
(60, '3', '1', '5', '10', '100.0', 'W'),
(61, '5', '1', '4', '10', '40.0', 'W'),
(62, '6', '1', '3', '10', '10.0', 'W'),
(66, '1', '1', '3', '10', '10.0', 'W'),
(67, '2', '1', '3', '10', '10.0', 'W'),
(70, '3', '1', '3', '5', '5.0', 'W'),
(70, '4', '4', '6', '5', '5.0', 'W'),
(70, '5', '1', '6', '1', '20.0', 'W'),
(71, '6', '1', '4', '10', '40.0', 'W'),
(75, '7', '1', '6', '10', '200.0', 'W'),
(76, '8', '1', '5', '10', '100.0', 'W'),
(79, '9', '1', '4', '10', '40.0', 'W'),
(80, '10', '1', '3', '10', '10.0', 'W'),
(83, '11', '1', '4', '10', '40.0', 'W'),
(84, '12', '1', '5', '20', '200.0', 'W'),
(85, '13', '1', '5', '10', '100.0', 'W'),
(86, '15', '1', '4', '30', '120.0', 'W'),
(87, '16', '1', '8', '1', '56.0', 'W'),
(91, '17', '1', '4', '5', '20.0', 'W'),
(92, '18', '1', '5', '5', '50.0', 'W'),
(93, '19', '1', '3', '11', '11.0', 'W'),
(94, '20', '1', '3', '22', '22.0', 'W'),
(97, '1', '1', '4', '50', '200.0', 'W'),
(98, '2', '1', '5', '10', '100.0', 'W'),
(101, '3', '1', '4', '5', '20.0', 'W'),
(102, '4', '1', '4', '10', '40.0', 'W'),
(103, '5', '1', '4', '5', '20.0', 'W'),
(104, '6', '1', '4', '5', '20.0', 'W'),
(105, '7', '1', '4', '25', '100.0', 'W'),
(106, '8', '1', '4', '10', '40.0', 'W'),
(106, '9', '1', '4', '10', '40.0', 'P'),
(107, '10', '1', '4', '10', '40.0', 'P'),
(110, '11', '1', '4', '10', '40.0', 'W');

/*!40101 SET CHARACTER_SET_CLIENT=@OLD_CHARACTER_SET_CLIENT */;
/*!40101 SET CHARACTER_SET_RESULTS=@OLD_CHARACTER_SET_RESULTS */;
/*!40101 SET COLLATION_CONNECTION=@OLD_COLLATION_CONNECTION */;
